Text,sentiment
ркдрк╛рк░ркХ ркорк╣рлЗркдрк╛ ркХрк╛ ркЙрк▓рлНркЯрк╛ ркЪрк╢рлНркорк╛'  рк╕рлАрк░рк┐ркпрк▓ркирлА ркЕркнрк┐ркирлЗркдрлНрк░рлА ркЬрлЗркирк┐рклрк░ ркорк┐рк╕рлНркдрлНрк░рлА ркмркВрк╕рлАрк╡рк╛рк▓рлЗркП ркЕрк╕рк┐ркд ркХрлБркорк╛рк░ ркорлЛркжрлА рккрк░ ркЧркВркнрлАрк░ ркЖрк░рлЛркк рк▓ркЧрк╛рк╡рлНркпрлЛ ркЫрлЗ.тАж,negative
"IPL 2023 : рк╢рлБркнркорки ркЧрк┐рк▓ ркорк╛ркЯрлЗ рк╢рлБркн ркжрк┐рк╡рк╕, ркжрк░рлЗркХ рк╕рк┐ркЭркиркорк╛ркВ ркирк╡рк╛ рк░рлЗркХрлЛрк░рлНркб",positive
,
,
"ркдрк╛рккрлА: ркнрк╛ркЬрккркирк╛ ркорк╣рк┐рк▓рк╛ рк╕ркнрлНркп рк╕рк░рк┐ркдрк╛ рк╡рк╕рк╛рк╡рк╛ рк▓рк╛ркВркЪ рк▓рлЗркдрк╛ ркЭркбрккрк╛ркпрк╛
 ",negative
ркирлНркпрлВркЭрлАрк▓рлЗркирлНркбркорк╛ркВ 4 ркорк╛рк│ркирлА рк╣рлЛрк╕рлНркЯрлЗрк▓ркорк╛ркВ ркЖркЧ ркЖркЧркорк╛ркВ 6 рк▓рлЛркХрлЛркирк╛ ркорлЛркд,negative
"#CNBCBajar | ркерлА  ркнрк╛рк░ркдрлАркп ркмркЬрк╛рк░рлЛ ркорк╛ркЯрлЗ рк╕рк╛рк░рлА рк╢рк░рлВркЖркдркирк╛ рк╕ркХрлЗркВркд, рк▓ркЧркнркЧ 50 рккрлЛркИркирлНркЯ ркЙрккрк░",positive
"ркоркзрлНркпрккрлНрк░ркжрлЗрк╢: ркирк░рлНркоркжрк╛ ркиркжрлАркорк╛ркВ ркмрлЛркЯ рккрк▓ркЯрлА

ркмрлЛркЯркорк╛ркВ рк╕рк╡рк╛рк░ ркдркорк╛рко рк▓рлЛркХрлЛ ркнрк╛рк╡ркиркЧрк░ркирк╛ рк╣ркдрк╛

ркШркЯркирк╛ркорк╛ркВ ркнрк╛рк╡ркиркЧрк░ркирк╛ ркПркХ ркмрк╛рк│ркХркирлБркВ ркорлЛркд

ркПркХ ркЬ рккрк░рк┐рк╡рк╛тАж ",negative
"рк░рк╛ркЬркХрлЛркЯркорк╛ркВ ркорк░рлНрк╕рк┐ркбрлАркЭрлЗ ркЯркХрлНркХрк░ ркорк╛рк░ркдрк╛ ркпрлБрк╡ркХркирлБркВ ркорлЛркд ! ркорлГркдркХркирк╛ рккрк░рк┐рк╡рк╛рк░ркЬркирлЛркП ркирлНркпрк╛ркпркирлА ркХрк░рлА ркорк╛ркЧ
 ",negative
ркбркнрлЛркИ ркдрк╛рк▓рлБркХрк╛ркирк╛ ркиркбрк╛ ркЧрк╛ркорлЗ 8 рк╡рк░рлНрк╖ркирлЛ ркмрк╛рк│ркХ ркирлБркВ ркдрк│рк╛рк╡ркорк╛ркВ ркбрлБркмрлА ркЬркдрк╛ ркорлГркдрлНркпрлБ ркирлАрккркЬрлНркпрлБркВ.тАж,negative
ркнрк╛рк░ркдрлАркп ркирлЗрк╡рлАркП рк╕рлБрккрк░рк╕рлЛркирк┐ркХ ркмрлНрк░рк╣рлНркорлЛрк╕ ркорк┐рк╕рк╛ркИрк▓ркирлБркВ ркХрк░рлНркпрлБ рк╕рклрк│ркдрк╛рккрлВрк░рлНрк╡ркХ рккрк░рлАркХрлНрк╖ркг,positive
UP Municipal Corporation Results : ркнрк╛ркЬрккркирлЗ ркЙркдрлНркдрк░ рккрлНрк░ркжрлЗрк╢ ркорлНркпрлБркирк┐рк╕рк┐рккрк▓ ркХрлЛрк░рлНрккрлЛрк░рлЗрк╢ркиркирлА ркЪрлВркВркЯркгрлАркорк╛ркВ ркмркорлНрккрк░ ркЬрлАркд ркорк│рлА ркЫрлЗ. ,positive
,
,
,
,
ркмрк╛ркмрк╛ ркмрк╛ркЧрлЗрк╢рлНрк╡рк░ ркзрк╛ркоркирк╛ ркзрлАрк░рлЗркирлНркжрлНрк░ рк╢рк╛рк╕рлНркдрлНрк░рлАркирлЗ ркбрлЛркХрлНркЯрк░рлЗ ркЖрккрлНркпрлЛ рккркбркХрк╛рк░ ! рк╕рлЛрк╢рк┐ркпрк▓ ркорлАркбрк┐ркпрк╛ рккрк░ ркЪрлЗрк▓рлЗркирлНркЬ ркХрк░ркдрлА рккрлЛрк╕рлНркЯркорк╛ркВ рк▓ркЦрлНркпрлБркВ...тАж,negative
,
"ркЧрлЛркВркбрк▓: ST ркмрк╕ркирлА ркмрлНрк░рлЗркХ рклрлЗрк▓

ркЧрлЛркВркбрк▓ ркмрк╕ рк╕рлНркЯрлЗркирлНркбркорк╛ркВ ркмркирлНркпрлЛ ркмркирк╛рк╡

ркмрлНрк░рлЗркХ рклрлЗрк▓ ркеркдрк╛ рккрлВркЫрккрк░ркЫ ркмрк╛рк░рлА рк╕рлБркзрлА рккрк╣рлЛркВркЪрлА ркмрк╕

ркмрк╕ рк╕рлНркЯрлЗркирлНркбркорк╛ркВтАж ",negative
"ркЖрк╡рк╛ рк▓рлЛркХрлЛркП рк╕рлНркЯрлЗркбрлАркпркоркорк╛ркВ ркЦрлЛркЯрлА ркнрлАркб ркХрк░рк╡рк╛ркирк╛ ркмркжрк▓рлЗ ркШрк░рлЗ рк░рк╣рлАркирлЗ ркЬ ркорлЗркЪ ркЬрлЛрк╡рлЛ ркЬрлЛркЗркП.
тАж ",negative
"ркЖ рк╡рлАркбрк┐ркпрлЛ ркЬрлЛркпрк╛ ркмрк╛ркж ркдркорлЗ рк╣рк░рк┐ркпрк╛рк│рлА ркЕркирлЗ рккркХрлНрк╖рлАркУркирлЗ рк░рк╣рлЗркарк╛ркг рк╡рлГркХрлНрк╖рлЛркирлЗ ркХрк╛рккрк╡рк╛ркирлБркВ рккрк╛ркк ркХрк░рк╢рлЛ ркирк╣рлАркВ .
тАж ",negative
,
,
ркдрлНрк░рлНркпркВркмркХрлЗрк╢рлНрк╡рк░ ркоркВркжрк┐рк░ркорк╛ркВ ркмрк│ркЬркмрк░рлАрккрлВрк░рлНрк╡ркХ ркШрлВрк╕рк╡рк╛ркирлЛ рккрлНрк░ркпрк╛рк╕ ркХрк░ркирк╛рк░ рк╡рк┐ркзрк░рлНркорлАркУ ркЭркбрккрк╛ркпрк╛ ! ркоркВркжрк┐рк░ркорк╛ркВ ркЪрк╛ркжрк░ рк▓ркИ ркЬрк╡рк╛ркирлЛ ркХрк░рлНркпрлЛ рк╣ркдрлЛ рккрлНрк░ркпрк╛рк╕!тАж,negative
ЁЯФЖркпрлБркирк┐рк╡рк░рлНрк╕рк┐ркЯрлА ркЧрлНрк░рк╛ркирлНркЯ ркХркорк┐рк╢рки (UGC)ркжрлНрк╡рк╛рк░рк╛ рк╢рк┐ркХрлНрк╖ркХрлЛ ркЕркирлЗ рк╡рк┐ркжрлНркпрк╛рк░рлНркерлАркУркирлЗ рк╡рк┐рк╡рк┐ркз ркорк╛рк╣рк┐ркдрлА ркЖрккрк╡рк╛ 'ркЙркдрлНрк╕рк╛рк╣' ркирк╛ркоркирлА ркирк╡рлА рк╡рлЗркмрк╕рк╛ркИркЯ рк▓рлЛркирлНркЪтАж,positive
"рк╕рк┐рк╡рк┐рк▓ рк╣рлЛрк╕рлНрккрк┐ркЯрк▓ркорк╛ркВ ркмрк╛рк│ркХ рк╕рк╛рк░рк╡рк╛рк░ рк╣рлЗркарк│

ркЧркИркХрк╛рк▓рлЗ рк░ркоркдрк╛ рк░ркоркдрк╛ ркмрк╛рк│ркХ ркХрлЗркирк╛рк▓ркорк╛ркВ рккркбрлА ркЧркпрлБркВ рк╣ркдрлБркВ

ркХрлЗркирк╛рк▓ркорк╛ркВ рккркбрлА ркЬркдрк╛ ркмрк╛рк│ркХркирлБркВ ркорлЛркд ркеркпрлБркВтАж ",negative
"рк╕рлБрк░ркдркорк╛ркВ рклрк░рлА ркЪрлЗркдрк╡ркгрлАрк░рлВркк ркХрк┐рк╕рлНрк╕рлЛ

рк░ркоркдрк╛ рк░ркоркдрк╛ 4 рк╡рк░рлНрк╖ркирлБркВ ркмрк╛рк│ркХ рк▓рлЛркЦркВркбркирлЛ ркиркЯ ркЧрк│рлА ркЧркпрлБркВ

рк╕рлБрк░ркдркирк╛ ркнрлЗрк╕рлНркдрк╛рки рк╡рк┐рк╕рлНркдрк╛рк░ркирлЛ ркмркирк╛рк╡

ркорк╛ркдрк╛ ркШрк░тАж ",negative
"ркЧрлБркЬрк░рк╛ркд рккрлНрк░рк╛ркХрлГркдрк┐ркХ ркЦрлЗркдрлА ркХрлНрк╖рлЗркдрлНрк░рлЗ рк╕ркоркЧрлНрк░ ркжрлЗрк╢ ркорк╛ркЯрлЗ рк░рлЛрк▓ркорлЛркбрлЗрк▓ ркмркирлНркпрлБркВ ркЫрлЗ: рк░рк╛ркЬрлНркпрккрк╛рк▓  
тАж ",positive
,
"CCTV рк╣рлЛрк╡рк╛ ркЫркдрк╛ркВ ркХрлЗрк╕ркорк╛ркВ рк╣ркЬрлБ ркХрлЛркИ ркХркбрлА ркорк│рлА ркиркерлА

14ркорлАркП ркоркзрк░рлНрк╕ ркбрлЗркирк╛ ркжрк┐рк╡рк╕рлЗ ркмрк╛рк│ркХрлАркирлЗ ркдрлНркпркЬрлА ркжрлЗрк╡рк╛ркИ рк╣ркдрлА

ркХрлЗ.ркЯрлА.ркЪрк┐рк▓рлНркбрлНрк░рки рк╣рлЛрк╕рлНрккрк┐ркЯрк▓тАж ",negative
"рк░рк╛ркЬркХрлЛркЯркорк╛ркВ ркорк╛ркдрлГ ркжрк┐рк╡рк╕рлЗ ркдрлНркпркЬрлЗрк▓рлА ркмрк╛рк│ркХрлАркирлБркВ рк╕рк╛рк░рк╡рк╛рк░ркорк╛ркВ ркорлЛркд

ркдрлНрк░ркг ркжрк┐рк╡рк╕ркирлА ркмрк╛рк│ркХрлАркирлБркВ рк╕рк╛рк░рк╡рк╛рк░ркорк╛ркВ ркорлЛркд

ркдрлНрк░ркг ркжрк┐рк╡рк╕ркерлА рккрлЛрк▓рлАрк╕ ркирк┐рк╖рлНркарлБрк░тАж ",negative
ркХрк╛ркирлНрк╕ рклрк┐рк▓рлНрко рклрлЗрк╕рлНркЯрк┐рк╡рк▓ркорк╛ркВ рк╕рк╛рк░рк╛ ркЕрк▓рлА ркЦрк╛рки рк╕рк┐рк╣ркд ркЖ рк╕рлЗрк▓рк┐ркмрлНрк░рк┐ркЯрлАркУ ркЪркоркХрлНркпрк╛ркВ.тАж,positive
"ркХрлЛрк░рлНркЯрк╣рк╛ркЙрк╕ркорк╛ркВ рк▓рлЛркХрлЛ 'рк░ркбрлНркпрк╛, ркорк╛рклрлА ркорк╛ркВркЧрлА': ркбрлЛркирк╛рк▓рлНркб ркЯрлНрк░ркорлНрккркирлЛ рк╡рк┐ркЪрк┐ркдрлНрк░ ркжрк╛рк╡рлЛ  
тАж ",negative
"ркЖркЬркерлА ркЪрлЛрк░рк╛ркпрлЗрк▓рк╛ ркХрлЗ ркЦрлЛрк╡рк╛ркпрлЗрк▓рк╛ ркорлЛркмрк╛ркЗрк▓ркирлЗ рк╢рлЛркзрк╡рк╛ ркорк╛ркЯрлЗ рк╕рк░ркХрк╛рк░ ркирк╡рлА рк╕рк┐рк╕рлНркЯрко рк▓рк╛ркЧрлБ ркХрк░рк╢рлЗ.
тАж ",positive
,
,
,
"рк╡ркбрлЛркжрк░рк╛: ркпрлБрк╡ркХ рккрк░ ркоркЧрк░ркирлЛ рк╣рлБркорк▓рлЛ

рк╡рк╣рлЗрк░рлА ркиркжрлАркорк╛ркВ ркорк╛ркЫрлАркорк╛рк░рлА ркХрк░рк╡рк╛ ркЧркпрлЛ рк╣ркдрлЛ ркпрлБрк╡ркХ

ркоркЧрк░ркирк╛ ркорлЛркВркорк╛ркВркерлА рк╣рлЗркоркЦрлЗрко ркЫрлВркЯрлА ркнрк╛ркЧрлНркпрлЛ ркпрлБрк╡ркХ

ркШрк╛ркпрк▓тАж ",negative
"ркирк╡рк╕рк╛рк░рлАркорк╛ркВ ркЧрлЗрк╕ рк▓рлАркХрлЗркЬ

ркЧрлЛрккрк╛рк▓ркиркЧрк░ рккрк╛рк╕рлЗ ркУрк╡рк░ ркмрлНрк░рк┐ркЬ ркиркЬрлАркХркирлА ркШркЯркирк╛

JCB ркорк╢рлАрки рккрк╛ркИрккркирлЗ ркЕркбрлА ркЬркдрк╛ ркЧрлЗрк╕ рк▓рлАркХрлЗркЬ ркеркпрлЛ

ркПркХ ркХрк┐рк▓рлЛркорлАркЯрк░ рк╕рлБркзрлАтАж ",negative
,
,
"ркХркЪрлНркЫркорк╛ркВ ркорлЛркбрлА рк░рк╛ркдрлНрк░рлЗ ркнрлВркХркВрккркирлЛ ркЖркВркЪркХрлЛ

рк░рк╛ркдрлНрк░рлЗ 1.09 рк╡рк╛ркЧрлНркпрлЗ ркЖрк╡рлНркпрлЛ ркнрлВркХркВрккркирлЛ ркЖркВркЪркХрлЛ

рк░рк┐ркХрлНркЯрк░ рк╕рлНркХрлЗрк▓ рккрк░ 4.2ркирлА ркдрлАрк╡рлНрк░ркдрк╛ ркирлЛркВркзрк╛ркИ

ркЦрк╛тАж ",negative
,
"VIркорк╛ркВ рк╡рлЛркбрк╛рклрлЛрки PLCркирк╛ рк░рлЛркХрк╛ркгркирлА рк╡рлЗрк▓рлНркпрлВ ркЭрлАрк░рлЛ
ркбркмрк▓ ркеркпрлЛ ркУркмрлЗрк░рлЛркп рк░рк┐ркпрк▓рлНркЯрлАркирлЛ ркирклрлЛ
ркЕркирлБркорк╛ркиркерлА рк╕рк╛рк░рк╛ LIC HSGркирк╛ рккрк░рк┐ркгрк╛рко
EV-2 рк╡рлНрк╣рлАрк▓рк░ ркеркИтАж ",positive
,
"#CNBCBajar | ркЧрлНрк▓рлЛркмрк▓ ркорк╛рк░рлНркХрлЗркЯркерлА ркорк┐рк╢рлНрк░ рк╕ркВркХрлЗркдрлЛ, рк▓ркЧркнркЧ рккрлЛркгрк╛ ркЯркХрк╛ ркирлАркЪрлЗтАж ",negative
,
,
"ркЕркоркжрк╛рк╡рк╛ркжркирк╛ рк╡рк╕рлНркдрлНрк░рк╛рккрлБрк░ рккрлЛрк▓рлАрк╕ рк╕рлНркЯрлЗрк╢ркиркирк╛ 2 ркХрк░рлНркорлАркУ 50 рк╣ркЬрк╛рк░ркирлА рк▓рк╛ркВркЪ рк▓рлЗркдрк╛ рк░ркВркЧрлЗ рк╣рк╛ркерлЗ ркЭркбрккрк╛ркпрк╛
 ",negative
,
"рк╡ркбрлЛркжрк░рк╛ркорк╛ркВ ркжрк░рлНркжрлАркУ ркнркЧрк╡рк╛рки ркнрк░рлЛрк╕рлЗ! SSG рк╣рлЛрк╕рлНрккрк┐ркЯрк▓ркорк╛ркВ рк░ркЦркбркдрк╛ркВ рк╢рлНрк╡рк╛ркиркирк╛ ркбрлЗрк░рк╛
 ",negative
"рккрлВрк░рлНрк╡рк╛ркВркЪрк▓ркирк╛ ркмрк╛рк╣рлБркмрк▓рлА ркЕркирлЗ ркпрлБрккрлАркирк╛ рккрлВрк░рлНрк╡ ркоркВркдрлНрк░рлА рк╣рк░рк┐рк╢ркВркХрк░ ркдрк┐рк╡рк╛рк░рлАркирлБркВ ркирк┐ркзрки
тАж ",negative
,
,
ркдркорк┐рк▓ркирк╛ркбрлБркирк╛ ркХрлЛркИркорлНркмркдрлБрк░ркорк╛ркВ рк╕рк╡рк╛рк░рлЗ ркХрк╛рк░ркорк╛ркВ ркПркХ ркХрк╛рк░ ркЪрк╛рк▓ркХ ркжрлНрк╡рк╛рк░рк╛  ркЪрк╛рк▓ркдрлА  ркорк╣рк┐рк▓рк╛ ркдрлЗркирлА ркЪрлЗркИрки ркЫрлАркирк╡рлАркирлЗ ркдрлЗркирлЗ ркЦрлЗркВркЪрлА ркЬрк╡рк╛ркирлЛ рккрлНрк░ркпрк╛рк╕ ркХтАж,negative
"ркХрлЗркЯрк░рк┐ркирк╛ркирлЗ ркЫрлВркЯрк╛ркЫрлЗркбрк╛ ркЖрккрк╡рк╛ркирк╛ рккрлНрк░рк╢рлНрки рккрк░ ркнркбркХрлНркпрлЛ рк╡рк┐ркХрлА
тАж ",negative
"ркорк╛рк╡ркарк╛ркерлА ркеркпрлЗрк▓ ркирлБркХрк╕рк╛ркиркирлА рк╕рк╣рк╛ркп ркЪрлВркХрк╡рк╡рк╛ ркЧрквркбрк╛ркирк╛ ркзрк╛рк░рк╛рк╕ркнрлНркп рк╢ркВркнрлБркирк╛рке ркЯрлБркВркбрк┐ркпрк╛ркП ркорлБркЦрлНркпркоркВркдрлНрк░рлАркирлЗ рк▓ркЦрлНркпрлЛ рккркдрлНрк░
тАж ",negative
,
,
"HD BREAKING NEWS  

ркбркорлАркХрк╛ркВркб ркорк╛ркВ рк╡ркзрлБ ркмрлЗ ркЖрк░рлЛрккрлАркирлЗ рккркХркбрлА рккрк╛ркбркдрлА ркнрк╛рк╡ркиркЧрк░ рккрлЛрк▓рлАрк╕   

1 ) рк╕рк╛ркЧрк░ ркмрк╛рк▓рк╛рк╢ркВркХрк░ркнрк╛ркЗ рккркВркбркпрк╛  
2 ) рккркВркХркЬркнрк╛ркЗтАж ",negative
"ркЕркоркжрк╛рк╡рк╛ркжркорк╛ркВ ркмркоркгрлА ркЧркдрлАркП ркеркИ рк░рк╣рлЗрк▓рлЛ рк╡рк┐ркХрк╛рк╕ ркЦрлЗркбрлВркдрлЛ ркорк╛ркЯрлЗ ркмркирлНркпрлЛ ркорк╛ркерк╛ркирлЛ ркжрлБркЦрк╛рк╡рлЛ
 ",negative
,
,
"ркнрк╛ркЬркк рккрлНрк░ркЬрк╛ рк╕ркоркХрлНрк╖ ркорлБркХрк╢рлЗ ркдрлЗркирлБ рк░рк┐рккрлЛрк░рлНркЯ ркХрк╛рк░рлНркб
",positive
,
"ркирк╛рк╕рк┐ркХркирк╛ ркдрлНрк░ркВркмркХрлЗрк╢рлНрк╡рк░ ркоркВркжрк┐рк░ркорк╛ркВ ркЪрк╛ркжрк░ ркЪркврк╛рк╡рк╡рк╛ркирлА ркХрлЛрк╢рк┐рк╢

 ",positive
"ркпрлБркЯрлНркпрлБркмрк░ ркЕрк░ркорк╛рки ркорк▓рк┐ркХркирк╛ ркдрлНрк░ркгрлЗркп ркмрк╛рк│ркХрлЛ ркорк╛ркЯрлЗ Uorfi Javed ркорлЛркХрк▓рлА ркЦрк╛рк╕ ркнрлЗркЯ
",positive
"ркЕркоркжрк╡рк╛ркжркорк╛ркВ ркЬркЧркирлНркирк╛рке ркнркЧрк╡рк╛ркиркирлА рк░ркеркпрк╛ркдрлНрк░рк╛ркирлЗ рк▓ркИ ркирк╡рк╛ рк░рке ркдрлИркпрк╛рк░
",positive
"ркнркЧрк╡рк╛рки ркЬркЧркирлНркирк╛ркеркирк╛ ркорк╛ркорлЗрк░рк╛ркирк╛ ркпркЬркорк╛рки ркШркирк╢рлНркпрк╛рко рккркЯрлЗрк▓ркирк╛ рккрк░рк┐рк╡рк╛рк░ркорк╛ркВ ркЦрлБрк╢рлА

",positive
,
"рк╕рк╛ркВрк╕ркж рк░рк╛ркЬрлЗрк╢ ркЪрлБркбрк╛рк╕ркорк╛ркирлЗ рк╕рк╕рлНрккрлЗркирлНркб ркХрк░рк╡рк╛ркорк╛ркВ ркЖрк╡рлЗ: ркбрлЛ. ркЕркдрлБрк▓ ркЪркЧ ркЖркдрлНркорк╣ркдрлНркпрк╛ ркХрлЗрк╕ркорк╛ркВ рккрлБркдрлНрк░ рк╣рк┐ркдрк╛рк░рлНрке ркЪркЧркирлА ркорк╛ркЧ 
тАж ",negative
"ркпрлБркПрк╕ ркПркорлНркмрлЗрк╕рлЗркбрк░ ркПрк░рк┐ркХ ркЧрк╛рк░рлНрк╕рлЗркЯрлАркП рк╕рк╛ркмрк░ркоркдрлА ркЖрк╢рлНрк░ркоркирлА ркорлБрк▓рк╛ркХрк╛ркд рк▓рлАркзрлА

",positive
"ркЕркдрлБрк▓ ркЪркЧркирлА ркЖркдрлНркорк╣ркдрлНркпрк╛ркирк╛ рк╕ркВркжрк░рлНркнркорк╛ркВ ркнрк╛ркЬрккркирк╛ рк╕рк╛ркВрк╕ркж рк░рк╛ркЬрлЗрк╢ ркЪрлБркбрк╛рк╕ркорк╛ рк╡рк┐рк░рлБркжрлНркз FIR ркирлЛркВркзрлА

",negative
,
"ркорк╛ркдрлНрк░ рклрк╛ркИрк▓рлЛркорк╛ркВ ркЬ рк░рк╣рлЗркдрлА 26 ркпрлЛркЬркирк╛ркУ рк░рк╛ркЬрлНркпркирк╛ ркХрлГрк╖рк┐ рк╡рк┐ркнрк╛ркЧрлЗ ркХрк░рлА ркмркВркз
 ",negative
"Jio-bp ркП ркмрлЗркЭ рккрлНрк░рк╛ркИрк╕ рккрк░ ркирк╡рлБркВ ркбрлАркЭрк▓ рк╡рлЗрк░рк┐ркЕркирлНркЯ рк░ркЬрлВ ркХрк░рлНркпрлБркВ ркЫрлЗ, ркЬрлЗ ркнрк╛рк░ркдркорк╛ркВ рк╕рлМрккрлНрк░ркеркорк╡рк╛рк░ ркЫрлЗ.
.
.
.
тАж ",positive
"рккрлЛрк▓рлАрк╕ркирлА ркврлАрк▓рлА ркирлАркдрк┐ рк╣рк╢рлЗ ркдрлЛ ркХркорк┐рк╢ркирк░ркирлЗ ркнрк▓рк╛ркоркг ркХрк░рлАрк╢: рк░рк╛ркЬркХрлЛркЯ рк╣рк┐ркЯ ркПркирлНркб рк░рки ркХрлЗрк╕ркорк╛ркВ рк░рк╛рко ркорлЛркХрк░рк┐ркпрк╛ркирлБркВ ркирк┐рк╡рлЗркжрки
тАж ",positive
,
"рк╡ркбрлЛркжрк░рк╛ ркоркирккрк╛ркорк╛ркВ рк╕рлНркЯрк╛рклркирлА ркЕркЫркд рк╡ркЪрлНркЪрлЗ рккркбрлА рк░рк╣рлНркпрк╛ ркЫрлЗ ркХрк░рлНркоркЪрк╛рк░рлАркУркирк╛ рк░рк╛ркЬрлАркирк╛ркорк╛! 
 ",negative
"ркЖрккркгрк╛ рккрлНрк░рк┐ркпркЬркиркирлЗ рккркерк╛рк░рлА рккрк░ ркЬрлЛрк╡рк╛ рк╣ркВркорлЗрк╢рк╛ рккрлАркбрк╛ркжрк╛ркпркХ рк╣рлЛркп ркЫрлЗ, ркЬрлБркУ ркЖ рк╣рлГркжркпркжрлНрк░рк╛рк╡ркХ рк╡рлАркбрк┐ркпрлЛ.
тАж ",negative
"рк╡ркбрлЛркжрк░рк╛ркирлА ркЧрлЛркдрлНрк░рлАркирлА GMERS рк╣рлЛрк╕рлНрккрк┐ркЯрк▓ркорк╛ркВ AC ркмркВркз рк╣рлЛрк╡рк╛ркерлА 2 ркжрк┐рк╡рк╕ркерлА ркдркорк╛рко ркУрккрк░рлЗрк╢рки ркмркВркз, ркжрк░рлНркжрлАркУркирлЗ рк╣рк╛рк▓рк╛ркХрлА
тАж ",negative
"рк╡ркбрлЛркжрк░рк╛ркирк╛ ркХрк░ркЬркгркорк╛ркВ ркирк╡ркирк┐рк░рлНркорк┐ркд рккрк╢рлБ ркЪрк┐ркХрк┐ркдрлНрк╕рк╛рк▓ркпркорк╛ркВ рк▓рлЛркХрк╛рк░рлНрккркг рккрк╣рлЗрк▓рк╛ркВ ркЬ рккркбрлА ркдрк┐рк░рк╛ркб!
 ",negative
ркЕркорлЗрк░рк┐ркХрки ркирк┐рк░рлНркорк╛ркдрк╛ рк░рлЛркм ркорк╛рк░рлНрк╢рк▓рлЗ ркирк╛ркЯрлБ ркирк╛ркЯрлБ рк╕рлНркЯрк╛рк░ рк░рк╛рко ркЪрк░ркг ркЕркирлЗ ркЬрлВркирк┐ркпрк░ ркПркиркЯрлАркЖрк░ркирлЗ рк▓ркЗркирлЗ ркорлЛркЯрлА ркЗркЪрлНркЫрк╛ рк╡рлНркпркХрлНркд ркХрк░рлА ркЫрлЗ.тАж,positive
"ркорк╣рк╛ркаркЧ ркХрк┐рк░ркг рккркЯрлЗрк▓ркирлА рккркдрлНркирлА ркорк╛рк▓рк┐ркирлА рккркЯрлЗрк▓ркирк╛ ркЬрк╛ркорлАрки рк╕рлЗрк╢ркирлНрк╕ ркХрлЛрк░рлНркЯрлЗ ркХрк░рлНркпрк╛ ркоркВркЬрлВрк░
 ",positive
"ркорлБрк╕рлНрк▓рк┐рко ркпрлБрк╡ркХрлЛркП рк╢рк┐рк╡рк▓рк┐ркВркЧ рккрк░ ркЪрк╛ркжрк░ ркЪркврк╛рк╡рк╡рк╛ркирлЛ рккрлНрк░ркпрк╛рк╕ ркХрк░рлНркпрлЛ, DYCM ркжрлЗрк╡рлЗркирлНркжрлНрк░ рклркбркгрк╡рлАрк╕рлЗ SIT ркдрккрк╛рк╕ркирк╛ ркЖркжрлЗрк╢ ркЖрккрлНркпрк╛тАж ",negative
ркжрк░рлНркжркирк╛ркХ ркЕркХрк╕рлНркорк╛ркдркирк╛ LIVE ркжрлНрк░рк╢рлНркпрлЛ: рк╡рк░рк░рк╛ркЬрк╛ркирлЗ рк▓ркИ ркЬркдрлА ркХрк╛рк░рлЗ 17 ркЬрк╛ркирлИркпрк╛ркирлЛ ркХркЪрлНркЪрк░ркШрк╛ркг рк╡рк╛рк│рлА ркжрлАркзрлЛ- ркжрлБрк▓рлНрк╣рк╛ркирк╛ рк╕ркЧрк╛ ркорк╛рк╕рлАркирлБркВ ркорлЛркдтАж,negative
"рк╕рк┐ркжрлНркзрккрлБрк░ркорк╛ркВркерлА ркорк│рлНркпрк╛ ркорк╛ркирк╡ ркЕрк╡рк╢рлЗрк╖  
рккрк╛ркгрлАркирлА рккрк╛ркИрккркорк╛ркВркерлА ркорк│рлНркпрк╛ ркорк╛ркирк╡ ркЕрк╡рк╢рлЗрк╖рлЛ  
рккрк╛ркгрлА рки ркЖрк╡ркдрлБ рк╣рлЛрк╡рк╛ркерлА ркХрк░рлНркпрлБ рк╣ркдрлБ ркЦрлЛркжркХрк╛рко  
ркЦрлЛркжркХрк╛ркотАж ",negative
"рклрлЗрк░рк╛ рклрк░рлНркпрк╛ рккрк╣рлЗрк▓рк╛ рк╡рк░рк░рк╛ркЬрк╛ркирк╛ ркЪрк╣рлЗрк░рк╛ рккрк░ ркЬрлЛрк╡рк╛ ркорк│ркдрлА ркЖ ркЦрлБрк╢рлА ркЬрлЛрк╡рк╛рк▓рк╛ркпркХ ркЫрлЗ.
тАж ",positive
"ркмрлЛркЯрк╛ркжркорк╛ркВ ZEE 24 ркХрк▓рк╛ркХркирк╛ ркЕрк╣рлЗрк╡рк╛рк▓ркирлА ркзрк╛рк░ркжрк╛рк░ ркЕрк╕рк░! ркдркВркдрлНрк░ркП рк╢рк░рлБ ркХрк░рлНркпрлБркВ рккрлБрк▓ркирлБркВ рк╕ркорк╛рк░ркХрк╛рко
 ",positive
"ркЕркоркжрк╛рк╡рк╛ркжркирк╛ ркЖ рк░рк╕рлНркдрк╛ркУ ркмрлБрк▓рлЗркЯ ркЯрлНрк░рлЗрки, ркорлЗркЯрлНрк░рлЛрк░рлЗрк▓ ркХрк╛ркоркирк╛ ркХрк╛рк░ркгрлЗ ркмркВркз


тАж ",negative
"ркЧрлБркЬрк░рк╛ркдркорк╛ркВ ркЧрк░ркорлА рк╕ркВркмркВркзрк┐ркд ркмрлАркорк╛рк░рлАркирк╛ ркИркорк░ркЬркирлНрк╕рлА ркХрлЛрк▓рлНрк╕ркерлА ркжрлЛркбркзрк╛рко


тАж ",negative
"рк░ркеркпрк╛ркдрлНрк░рк╛ркирк╛ рк░рлВркЯ рккрк░ркирк╛ ркнркпркЬркиркХ ркоркХрк╛ркирлЛ ркЕркВркЧрлЗ ркЪрлЗркдрк╡ркгрлА...
тАж ",negative
"ркЧрлЛркЧрк▓рлНрк╕ рк╡ркЧрк░ рк╡рк╛рк╣рки ркЪрк▓рк╛рк╡рк╡рк╛ ркмркжрк▓ ркжркВркб, ркПрк╡рк╛ ркирк┐ркпркорлЛ ркЬрлЗ ркХркжрк╛ркЪ ркдркорлЗ ркЬрк╛ркгркдрк╛ ркиркерлА.
тАж ",negative
"ркЧрлБркЬрк░рк╛ркдркорк╛ркВ ркЧрк░ркорлА рк╕ркВркмркВркзрк┐ркд ркмрлАркорк╛рк░рлАркирк╛ ркИркорк░ркЬркирлНрк╕рлА ркХрлЛрк▓рлНрк╕ркерлА ркжрлЛркбркзрк╛рко
тАж ",negative
"LSG рк╕рк╛ркорлЗркирлА ркорлЗркЪ рккрк╣рлЗрк▓рк╛ ркЕрк░рлНркЬрлБрки ркдрлЗркВркбрлБрк▓ркХрк░ркирлЗ ркХрлВркдрк░рлБркВ ркХрк░ркбрлНркпрлБркВ

",negative
"ркЕркоркжрк╛рк╡рк╛ркжркирлА ркХрлЗркбрлА рк╣рлЙрк╕рлНрккрк┐ркЯрк▓ркирк╛ рк╕рк░рлНрк╡рк░ рккрк░ рк░рлЗркирлНрк╕ркорк╡рлЗрк░ ркПркЯрлЗркХ! 70 рк╣ркЬрк╛рк░ ркбрлЛрк▓рк░ркирлА ркХрк░рк╛ркИ ркорк╛ркВркЧркгрлА
 ",negative
"Gujarat: ркХрлЛркВркЧрлНрк░рлЗрк╕ркирк╛ ркЖркжрк┐рк╡рк╛рк╕рлА ркирлЗркдрк╛ ркзрлАрк░рлБркнрк╛ркИ ркнрлАрк▓ ркнрк╛ркЬрккркирк╛ ркХрлЗрк╕рк░рк┐ркпрк╛ ркзрк╛рк░ркг ркХрк░рк╢рлЗ
  ",positive
,
"ркорк▓рлНркЯрлАрккрлНрк▓рлЗркХрлНрк╕ ркУрккрк░рлЗркЯрк░ PVR INOX рк▓рк┐ркорк┐ркЯрлЗркб ркЕркВркжрк╛ркЬрлЗ 50 рк╕рк┐ркирлЗркорк╛ рк╕рлНркХрлНрк░рлАркиркирлЗ ркмркВркз ркХрк░рк╡рк╛ркирлА ркпрлЛркЬркирк╛ ркмркирк╛рк╡рлА рк░рк╣рлА ркЫрлЗ
",negative
"рккрлЛрк▓рлАрк╕рлЗ ркдрк╛ркВркдрлНрк░рк┐ркХ рккркжрлНркзркдрк┐ркерлА ркЫрлЗркдрк░рккрк┐ркВркбрлА ркХрк░ркдрлА ркаркЧ ркЧрлЗркВркЧркирк╛ 10 ркаркЧ ркжркмрлЛркЪрлНркпрк╛

",positive
,
"Gujarat: ркХрк╕рлНркЯркбрлАркорк╛ркВ ркорк╛рк░ ркорк╛рк░рк╡рк╛ркорк╛ркВ ркЖрк╡рлЗрк▓рк╛ ркЖрк░рлЛрккрлАркирк╛ ркорлГркдрлНркпрлБ ркмрк╛ркж 3 рккрлЛрк▓рлАрк╕ркХрк░рлНркорлА рк╕рк╛ркорлЗ рк╣ркдрлНркпрк╛ркирлЛ ркХрлЗрк╕ ркжрк╛ркЦрк▓
",negative
"рк╢рлБркнркорки ркЧрк┐рк▓ркирлА рк╕ркдркХ ркмрк╛ркж рк╡рк┐рк░рк╛ркЯ ркХрлЛрк╣рк▓рлАркП ркХрк░рлНркпрк╛ рк╡ркЦрк╛ркг

",positive
"ркЖ ркпрлЛркЬркирк╛ркирлЗ ркорлБркВркмркИркЧрк░рк╛ркП ркЖрккрлНркпрлЛ ркЙркХрлГрк╖рлНркЯ рккрлНрк░ркдрк┐рк╕рк╛ркж, рккрк╛рк▓рк┐ркХрк╛ркП рк╡рк╕рлВрк▓рлНркпрк╛ ркХрк░рлЛркбрлЛ рк░рлВрккрк┐ркпрк╛ 


",positive
"CM ркнрлВрккрлЗркирлНркжрлНрк░ рккркЯрлЗрк▓ркирк╛ рккрлБркдрлНрк░ркирлА ркдркмрк┐ркпркдркорк╛ркВ ркЖрк╡рлНркпрлЛ рк╕рлБркзрк╛рк░рлЛ  

 
тАж ",positive
"рк╣рк╡рлЗ ркЕркоркжрк╛рк╡рк╛ркжрлАркУркирлЗ ркЬркорк╡рк╛ ркорк╛ркЯрлЗ ркирк╡рлБркВ ркиркЬрк░рк╛ркгрлБркВ ркорк│рк╢рлЗ


тАж ",positive
"рк╢рк╛рк╣рк░рлВркЦ ркЦрк╛ркирлЗ рккркдрлНркирлА ркЧрлМрк░рлА ркЦрк╛ркиркирлА ркмрлБркХ тАЬркорк╛ркп рк▓рк╛ркЗркл ркЗрки ркбрк┐ркЭрк╛ркЗркитАЭ рк▓рлЛркирлНркЪ ркХрк░рлА


тАж ",positive
рк╕рлБрк░ркдркорк╛ркВ рк╕рк┐ркЯрлА ркмрк╕ркорк╛ркВ рккрлИрк╕рк╛ рк▓ркИркирлЗ ркорлБрк╕рк╛рклрк░рлЛркирлЗ ркЯрк┐ркХрк┐ркЯ рки ркЖрккркирк╛рк░рлА ркорк╣рк┐рк▓рк╛ ркХркВркбркХрлНркЯрк░ рк╕рк╕рлНрккрлЗркирлНркбтАж,negative
"ркорк╛рк░рлЛ рккркдрк┐ ркЬрлЗрк▓ркорк╛ркВркерлА ркоркирлЗ ркорк╛рк░рк╡рк╛ркирлБркВ рккрлНрк▓рк╛ркирк┐ркВркЧ ркХрк░рлЗ ркЫрлЗтАж ркЖ ркЕркнрк┐ркирлЗркдрлНрк░рлАркП ркХрк░рлНркпрлЛ рккрлЛркдрк╛ркирк╛ рккркдрк┐ рккрк░ ркЖркХрлНрк╖рлЗркк 
тАж ",negative
"рк╡рлГрк╖ркн рк╕ркВркХрлНрк░рк╛ркВркдрк┐ : ркЧрк░ркорлА ркШркЯрк╢рлЗ, ркЖркЧ-ркЕркХрк╕рлНркорк╛ркдркирк╛ ркмркирк╛рк╡рлЛ рк╡ркзрк╢рлЗтАж ",negative
,
ркЖркоркирк╛ 'рк╢рк░рлАркл'ркирлА рк╣рлЛркЯ ркдрк╕рк╡рлАрк░рлЛркерлА ркЪрк╛рк╣ркХрлЛркирк╛ркВ ркжрк┐рк▓ ркеркпрк╛ркВ 'ркмркжркорк╛рк╢'тАж,negative
ркЧрлЛрк▓рлНркбрки ркЖркЙркЯрклрк┐ркЯркорк╛ркВ ркЧрлНрк▓рлЗркорк░рк╕ рк▓рк╛ркЧркдрлА рк╕рк┐рк▓рлНрк╡рк░ рк╕рлНркХрлНрк░рк┐ркиркирлА ркорк▓рлНрк▓рк┐ркХрк╛тАж,positive
"ркмрк╛ркЧрлЗрк╢рлНрк╡рк░ ркмрк╛ркмрк╛ ркХрк╣рлЗ, рк░рк╛ркЬркХрлЛркЯркорк╛ркВ ркбрлНрк░ркЧрлНрк╕ ркХрлНркпрк╛ркВркерлА ркЖрк╡рлЗ ркЫрлЗ?...

'рк░рк╛ркЬркХрлЛркЯркорк╛ркВ ркбрлНрк░ркЧрлНрк╕ ркХрлНркпрк╛ркВркерлА ркХрлЛркирк╛ ркИрк╢рк╛рк░рлЗ ркЖрк╡рлЗ ркЫрлЗ?

ркорк╛рк╣рк┐ркдрлА ркЖрккрк╢рлЗтАж ",negative
"рк░рк╛ркЬркХрлЛркЯркорк╛ркВ ркмрк╛ркмрк╛ ркмрк╛ркЧрлЗрк╢рлНрк╡рк░ркирк╛ ркжрк░ркмрк╛рк░ рккрк╣рлЗрк▓рк╛ рк╡рк┐рк╡рк╛ркж

ркХрлЛркорк░рлНрк╢рк┐ркпрк▓ ркХрлЛ-ркУрккрк░рлЗркЯрк┐рк╡ ркмрлЗркВркХркирк╛ CEOркирлБ ркирк┐рк╡рлЗркжрки

рккрлБрк░рк╢рлЛркдрлНркдрко рккрлАрккрк░рк┐ркпрк╛ркП рклрлЗрк╕ркмрлВркХ ркПтАж ",negative
"ЁЯФЖMBBSркирк╛ рк╡рк┐ркжрлНркпрк╛рк░рлНркерлАркУ ркорк╛ркЯрлЗ ркПркХ рк╡рк░рлНрк╖ ркЗркирлНркЯрк░рлНркирк╢рлАркк рклрк░ркЬрк┐ркпрк╛ркд рк░рк╣рлЗрк╢рлЗ...
тАж ",positive
"Rajkot: ркжрлЗрк╢ ркЕркирлЗ рк░рк╛ркЬрлНркпркорк╛ркВ ркмрлЗрк░рлЛркЬркЧрк╛рк░рлА ркЫрлЗ ркЬ ркирк╣рлАркВ: рк░рк╛рко ркорлЛркХрк░рк┐ркпрк╛
 ",negative
"рк╕рлЛрк╢рк┐ркпрк▓ ркорлАркбрк┐ркпрк╛ рккрк░ ркПркХ рк╡рлАркбрк┐ркпрлЛ ркЭркбрккркерлА рк╡рк╛ркпрк░рк▓ ркеркИ рк░рк╣рлНркпрлЛ ркЫрлЗ, ркЬрлЗркорк╛ркВ ркдркорлЗ ркЬрлЛркИ рк╢ркХрлЛ ркЫрлЛ ркХрлЗ ркорлЗркЯрлНрк░рлЛркирк╛ ркПркирк╛ркЙркирлНрк╕рк░ркирлА ркиркХрк▓ ркХрк░ркирк╛рк░ рк╡рлНркпркХрлНркдрк┐ркПтАж ",negative
"ркмрк╛ркЧрлЗрк╢рлНрк╡рк░ ркзрк╛ркоркирк╛ ркХркерк╛ркХрк╛рк░ ркзрлАрк░рлЗркирлНркжрлНрк░ рк╢рк╛рк╕рлНркдрлНрк░рлА ркЧрлБркЬрк░рк╛ркд ркЖрк╡рк╢рлЗ  
ркЕркоркжрк╛рк╡рк╛ркж, рк╕рлБрк░ркд ркЕркирлЗ рк░рк╛ркЬркХрлЛркЯркорк╛ркВ ркпрлЛркЬрк╢рлЗ ркжрк░ркмрк╛рк░  
рк╣рк╛рк▓ркорк╛ркВ ркдрлНрк░ркгрлЗркп рк╢рк╣рлЗтАж ",positive
Mumbai: рк╢рк╛рк╣рк░рлВркЦ ркЦрк╛ркирлЗ рккркдрлНркирлА ркЧрлМрк░рлА ркЦрк╛ркиркирлА ркмрлБркХ тАЬркорк╛ркп рк▓рк╛ркЗркл ркЗрки ркбрк┐ркЭрк╛ркЗркитАЭ рк▓рлЛркирлНркЪ ркХрк░рлА,positive
"ркЦрлНрк░рк┐рк╕рлНркдрлА ркзрк░рлНрко ркЕрккркирк╛рк╡ркирк╛рк░рк╛ ркЖркжрк┐рк╡рк╛рк╕рлА рк╕ркорлБркжрк╛ркпркирк╛ ркШркгрк╛ рк▓рлЛркХрлЛ рк╣рк╡рлЗ IAS ркЕркирлЗ IPS ркмркирлА рк░рк╣рлНркпрк╛ ркЫрлЗ: ркЧрлЗркирлАркмрлЗрки ркарк╛ркХрлЛрк░

",positive
"ркЙркдрлНркдрк░ ркЧрлБркЬрк░рк╛ркдркирк╛ ркмрлЗ ркдрк╛рк▓рлБркХрк╛ркирк╛ 74 ркдрк│рк╛рк╡рлЛркорк╛ркВ ркзрк░рлЛркИ ркбрлЗркоркорк╛ркВркерлА рккрк╛ркгрлАркерлА ркнрк░рк╡рк╛ркорк╛ркВ ркЖрк╡рк╢рлЗ
",positive
"рк░рлВ.5,000 ркХрк░рлЛркб ркХрлНрк░рк┐ркХрлЗркЯ рк╕ркЯрлНркЯрк╛ркХрк╛ркВркб ркХрлЗрк╕: ркорлЗркЯрлНрк░рлЛ ркХрлЛрк░рлНркЯрлЗ ркдрлНрк░ркг ркЖрк░рлЛрккрлАркУркирк╛ рккрк╛ркВркЪ ркжрк┐рк╡рк╕ркирк╛ рк░рк┐ркорк╛ркирлНркб ркоркВркЬрлВрк░ ркХрк░рлНркпрк╛

рк╡ркзрлБ ркорк╛рк╣рк┐ркдрлА ркорк╛ркЯрлЗтАж ",negative
"ркнрк░рлВркЪркорк╛ркВ 100 рк╣рк┐ркирлНркжрлБркУркирк╛ ркзрк░рлНркорккрк░рк┐рк╡рк░рлНркдрки ркХрк░рк╛рк╡рк╡рк╛ркирлЛ ркорк╛ркорк▓рлЛ: рк╣рк╛ркИркХрлЛрк░рлНркЯрлЗ ркЖрк░рлЛрккрлА ркорлМрк▓рк╡рлАркирлА ркЕрк░ркЬрлА рклркЧрк╛рк╡рлА

",positive
"рк╕рлБрккрлНрк░рлАрко ркХрлЛрк░рлНркЯркирк╛ ркЖркжрлЗрк╢ ркЕркирлБрк╕рк╛рк░ рк╣рк╛ркИркХрлЛрк░рлНркЯрлЗ 68ркорк╛ркВркерлА 40 ркЬркЬрлЛркирк╛ рккрлНрк░ркорлЛрк╢рки рк░ркж ркХрк░рлНркпрк╛, ркЖ ркЕркВркЧрлЗ ркирлЛркЯрк┐рклрк┐ркХрлЗрк╢рки ркмрк╣рк╛рк░ рккрк╛ркбрлНркпрлБркВ
",negative
"ркнрк╛рк░ркдркирлЗ рк╡рлИрк╢рлНрк╡рк┐ркХ рклрк╛рк░рлНркорк╛рк╕рлНркпрлБркЯрк┐ркХрк▓ рк╣ркм ркдрк░рлАркХрлЗ ркУрк│ркЦрк╡рк╛ркорк╛ркВ ркЖрк╡рлЗ ркЫрлЗ : ркбрлЙ. ркоркирк╕рлБркЦ ркорк╛ркВркбрк╡рк┐ркпрк╛
",positive
"ркЧрлБркЬрк░рк╛ркд рк░рлЗрк▓рк╡рлЗ рккрлЛрк▓рлАрк╕рлЗ 21 ркЧрлЗркВркЧркирлА ркпрк╛ркжрлА ркдрлИркпрк╛рк░ ркХрк░рлА, ркЬрлЗ ркЧрлБркЬрк░рк╛ркдркирк╛ рк╢рк╣рлЗрк░рлЛркорк╛ркВ ркЪрлЛрк░рлА ркХрк░рлА рк░рлЗрк▓рлНрк╡рлЗркорк╛ркВ ркмрлЗрк╕рлА ркнрк╛ркЧрлА ркЬрк╛ркп ркЫрлЗ
",negative
"ркирлЛркИркбрк╛ркорк╛ркВ рк╣рк╡рк╛рк▓рк╛ркирлА 50 рк▓рк╛ркЦркирлА рк░рлЛркХркб ркЭркбрккрк╛ркИ 
 ",negative
"рк╕рлБрк░ркдркорк╛ркВ ркпрлБрк╡ркХркирлА ркзрлЛрк▓рк╛ркИркирлЛ рк╡рлАркбрк┐ркпрлЛ рк╡рк╛ркпрк░рк▓

рккрк╛ркВркбрлЗрк╕рк░рк╛ркорк╛ркВ ркмрлЗ ркорк╣рк┐рк▓рк╛ркУркП ркпрлБрк╡ркХркирлЗ ркорк╛рк░ ркорк╛рк░рлНркпрлЛ

рк╡рлАркбрк┐ркпрлЛркорк╛ркВ ркорк╣рк┐рк▓рк╛ркУ рк╣рлЗрк░рк╛ркиркЧркдрк┐ркирлА рк╡рк╛ркд ркХрк░рлАтАж ",negative
"ркЕркоркжрк╛рк╡рк╛ркжркирлА рк░ркеркпрк╛ркдрлНрк░рк╛ркорк╛ркВ ркЬркЧркдркирк╛ ркирк╛ркеркирлБркВ ркЕркирлЛркЦрлБркВ ркнрк░рк╛рк╢рлЗ ркорк╛ркорлЗрк░рлВ
",positive
"ркмрк╛ркЧрлЗрк╢рлНрк╡рк░ ркзрк╛ркоркирк╛ ркзрлАрк░рлЗркирлНркжрлНрк░ рк╢рк╛рк╕рлНркдрлНрк░рлА ркЖрк╡рк╢рлЗ ркЧрлБркЬрк░рк╛ркд
26 ркЕркирлЗ 27 ркорлЗ рк╕рлБрк░ркдркорк╛ркВ ркжрк┐рк╡рлНркп ркжрк░ркмрк╛рк░ ркпрлЛркЬрк╢рлЗ 
29 ркЕркирлЗ 30 ркорлЗ ркЕркоркжрк╛рк╡рк╛ркжркорк╛ркВ ркпрлЛркЬрк╛тАж ",positive
"ркмрк╛ркЧрлЗрк╢рлНрк╡рк░ ркзрк╛ркоркирк╛ ркзрлАрк░рлЗркирлНркжрлНрк░ рк╢рк╛рк╕рлНркдрлНрк░рлА ркЖрк╡рк╢рлЗ ркЧрлБркЬрк░рк╛ркд 
ркЕркоркжрк╛рк╡рк╛ркж, рк╕рлБрк░ркд ркЕркирлЗ рк░рк╛ркЬркХрлЛркЯркорк╛ркВ ркпрлЛркЬрк╢рлЗ ркжрк░ркмрк╛рк░ 
рк╣рк╛рк▓ркорк╛ркВ ркдрлНрк░ркгрлЗркп рк╢рк╣рлЗрк░рлЛркорк╛ркВ ркЪрк╛рк▓рлАтАж ",positive
"ркпрлБркХрлНрк░рлЗркиркирк╛ рк░рк╛рк╖рлНркЯрлНрк░рккркдрк┐ ркЭрлЗрк▓рлЗркирлНрк╕ркХрлА UKркирлА ркорлБрк▓рк╛ркХрк╛ркдрлЗ, рк╡ркбрк╛ рккрлНрк░ркзрк╛рки ркЛрк╖рк┐ рк╕рлБркиркХрлЗ ркХрк░рлНркпрлБркВ рк╕рлНрк╡рк╛ркЧркд 

 тАж ",positive
"рк╣рк╡рлЗ ркжрк╡рк╛ркирлА рккрлНрк░рлЗркХркЯрлАрк╕ ркХрк░рк╡рк╛ ркирк╡рк╛ ркирк┐ркпркорлЛ ркерк╢рлЗ рк▓рк╛ркЧрлБ


тАж ",positive
,
"ркЫркдрлНркдрлАрк╕ркЧрквркорк╛ркВ 2000 ркХрк░рлЛркбркирлБркВ ркжрк╛рк░рлВ ркХрлМркнрк╛ркВркб, EDркП ркХрк░рлНркпрлЛ ркЪрлЛркВркХрк╛рк╡ркирк╛рк░рлЛ ркЦрлБрк▓рк╛рк╕рлЛ тАж ",negative
"ркорлБркЦрлНркпркоркВркдрлНрк░рлА ркнрлВрккрлЗркирлНркжрлНрк░ рккркЯрлЗрк▓ркирк╛ рккрлБркдрлНрк░ ркЕркирлБркЬ рккркЯрлЗрк▓ркирлА ркдркмрк┐ркпркд рк╕рлБркзрк╛рк░рк╛ рккрк░ 
тАж ",positive
"рклрлЛркЯрлЛ рккркбрк╛рк╡ркдрк╛ рк╕ркоркпрлЗ ркПрк╡рлА ркШркЯркирк╛ ркмркирлА ркХрлЗ ркЖ ркмркВркирлЗ ркХрлНркпрк╛рк░рлЗркп рк╡рк╛ркШ рк╕рк╛ркерлЗ рклрлЛркЯрлЛ рккркбрк╛рк╡рк╡рк╛ркирлБркВ ркирк╛рко ркирк╣рлАркВ рк▓рлЗ!
тАж ",negative
рк╕рк╕рлНркЯрлЗркирлЗркмрк▓ ркбрлЗрк╡рк▓рккркорлЗркирлНркЯ ркЧрлЛрк▓рлНрк╕ркирлА рккрлНрк░ркЧркдрк┐ркирлЗ ркорк╛рккрк╡рк╛ ркорк╛ркЯрлЗ MPркирлБркВ ркнрлЛрккрк╛рк▓ ркнрк╛рк░ркдркирлБркВ рккрлНрк░ркерко рк╢рк╣рлЗрк░ ркмркирлНркпрлБркВ,positive
"рклрлБркЧрк╛рк╡рк╛ркирк╛ ркХрк╛рк░ркгрлЗ ркЪрлЛркЦрк╛, рк▓рлЛркЯ ркЕркирлЗ ркмркЯрк╛ркХрк╛ркирк╛ ркнрк╛рк╡ркорк╛ркВ рк╡ркзрк╛рк░рлЛ  
",negative
"ркирлНркпрлВркЭрлАрк▓рлЗркирлНркбркорк╛ркВ 4 ркорк╛рк│ркирлА рк╣рлЛрк╕рлНркЯрлЗрк▓ркорк╛ркВ ркЖркЧ

ркЖркЧркорк╛ркВ 6 рк▓рлЛркХрлЛркирк╛ ркорлЛркд",negative
"рк╣рк╡рлЗркерлА ркХрк╛рккркб рк▓рлЗркдрк╛ рккрк╣рлЗрк▓рк╛ ркдрлЗркорк╛ркВркерлА ркмркирлЗрк▓рлЛ рк╢рк░рлНркЯ ркХрлЗрк╡рлЛ рк▓рк╛ркЧрк╢рлЗ ркдрлЗ ркЖрк╡рлА рк░рлАркдрлЗ ркЪрлЗркХ ркХрк░рлА рк╢ркХрк╢рлЛ!
тАж ",positive
ЁЯТБЁЯП╗тАНтЩВя╕ПркПркХрк▓рлЛ ркЬ  ркШркгрлЛ ркЫрлБркВ...тАж,positive
world health day: ркорк╛ркирк╡рлА ркЧрлЛрк░рлА ркдрлНрк╡ркЪрк╛ ркорк╛ркЯрлЗ ркдрлЗркирк╛ рккрк░ рккрлНрк░ркпрлЛркЧрлЛ ркХрк░рлА ркдрлНрк╡ркЪрк╛ркирлЗ ркирлБркХрк╕рк╛рки рккрк╣рлЛркВркЪрк╛ркбрлА рк░рк╣рлНркпрлЛ ркЫрлЗ.  ЁЯСЙЁЯП╜ЁЯСЙЁЯП╜тАж,negative
ркЯрк╛ркЗркЧрк░ рк╢рлНрк░рлЛркл ркЕркирлЗ ркжрк┐рк╢рк╛ рккркЯркирлАркирк╛ ркЦрк╛рк╕ рк╕ркВркВркмркВркз рккрк░ ркорк╛ркдрк╛ ркЖркпрк╢рк╛ рк╢рлНрк░рлЛрклркирлБркВ ркорлЛркЯрлБркВ ркирк┐рк╡рлЗркжрки рк╕рк╛ркорлЗ ркЖрк╡рлНркпрлБркВ ркЫрлЗ.тАж,negative
"ркЕркоркжрк╛рк╡рк╛ркжркирлА ркорк╣рк┐рк▓рк╛ 100ркорлБркВ рк░ркХрлНркдркжрк╛рки ркХрк░рлА ркнрк╛рк░ркдркорк╛ркВ рк░рлЗркХрлЛрк░рлНркб ркмркирк╛рк╡рк╢рлЗ  ЁЯСЙЁЯП╜ЁЯСЙЁЯП╜ 
",positive
"ркЬрлВркирк╛ркЧркв: рк╕ркдркд ркмрлАркЬрк╛ ркжрк┐рк╡рк╕рлЗ рк░рлЛркк рк╡рлЗ рк╕рлЗрк╡рк╛ ркмркВркз

ркЧрк┐рк░ркирк╛рк░ рккрк░рлНрк╡ркд рккрк░ ркнрк╛рк░рлЗ рккрк╡рки рклрлВркВркХрк╛ркдрк╛ рк░рлЛркк рк╡рлЗ ркмркВркз

ркпрк╛ркдрлНрк░рлАркХрлЛркирлА рк╕рк▓рк╛ркоркдрлАркирлЗ ркзрлНркпрк╛ркирлЗ рк▓ркИтАж ",negative
#CNBCBajar | 4 рк╕рккрлНркдрк╛рк╣ркирк╛ ркШркЯрк╛ркбрк╛ ркмрк╛ркж ркХрлНрк░рлВркбркорк╛ркВ ркдрлЗркЬрлА | ркЖркЬрлЗ рк╡рлНрк╣рк╛ркИркЯ рк╣рк╛ркЙрк╕ркорк╛ркВ ркХрлЛркВркЧрлНрк░рлЗрк╕ркирк╛ ркирлЗркдрк╛ркУ рк╕рк╛ркерлЗ ркЬрлЛ ркмрк╛ркИркбрлЗрки ркХрк░рк╢рлЗ ркмрлЗркаркХтАж,positive
"ркЖркЬрлЗ ркЧрлНрк▓рлЛркмрк▓ рк╕ркВркХрлЗркдрлЛ ркЖрккрлА рк░рк╣рлНркпрк╛ ркЫрлЗ рк╕рк╛рке
76% рк╡ркзрлА рк╢ркХрлЗ ркЫрлЗ ркнрк╛рк░ркдрлАркирлЛ ркирклрлЛ
ркХрк░рлНркгрк╛ркЯркХркирк╛ CM ркХрлЛркг?тАж ",positive
"#CNBCBajar | ркерлА  ркнрк╛рк░ркдрлАркп ркмркЬрк╛рк░рлЛ ркорк╛ркЯрлЗ рк╕рк╛рк░рлА рк╢рк░рлВркЖркдркирк╛ рк╕ркХрлЗркВркд, рк▓ркЧркнркЧ 50 рккрлЛркИркирлНркЯ ркЙрккрк░тАж ",positive
ркЖркЬркирк╛ ркдрк╛ркЬрк╛ рк╕ркорк╛ркЪрк╛рк░ : ркЧрлБркЬрк░рк╛ркд рк╕рк╣рк┐ркд ркжрлЗрк╢ рк╡рк┐ркжрлЗрк╢ркирк╛ ркдркорк╛рко рккрлНрк░ркХрк╛рк░ркирк╛ рк╕ркорк╛ркЪрк╛рк░ркирлА ркЕрккркбрлЗркЯ ркЕрк╣рлАркВ ркорк│рк╢рлЗ.тАж,positive
Rozgar Mela: рк╡ркбрк╛рккрлНрк░ркзрк╛рки ркирк░рлЗркирлНркжрлНрк░ ркорлЛркжрлА рк░рлЛркЬркЧрк╛рк░ ркорлЗрк│рк╛ ркЕркВркдрк░рлНркЧркд ркЖркЬрлЗ 71 рк╣ркЬрк╛рк░ ркпрлБрк╡ркХрлЛркирлЗ ркЕрккрлЛркЗркирлНркЯркорлЗркирлНркЯ рк▓рлЗркЯрк░ рк╕рлЛркВрккрк╢рлЗ. рк╡ркбрк╛рккрлНрк░ркзрк╛рки ркорлЛтАж,positive
"рк╡рк▓рк╕рк╛ркбркорк╛ркВ рк░ркЦркбркдрк╛ ркврлЛрк░ркирлЛ ркдрлНрк░рк╛рк╕ ркпркерк╛рк╡ркд

ркЖркЦрк▓рк╛ркП ркЬрлИрки ркорлБркирк┐ ркЕркирлЗ рк╕рк╛ркзрлНрк╡рлАркирлЗ ркЕркбрклрлЗркЯрлЗ рк▓рлАркзрк╛

рк╡рк┐рк╣рк╛рк░ ркХрк░ркдрк╛ рк╣ркдрк╛ ркдрлЗ рк╕ркоркпрлЗ ркврлЛрк░рлЗ ркХрк░рлНркпрлЛ рк╣рлБркорк▓рлЛтАж ",negative
"ркорк╣рлЗрк╕рк╛ркгрк╛: ркХркбрлА APMCркорк╛ркВ ркПрк░ркВркбрк╛ркирлА ркЖрк╡ркХ

22 ркжрк┐рк╡рк╕ркорк╛ркВ 2 рк▓рк╛ркЦ ркмрлЛрк░рлАркерлА рк╡ркзрлБ ркПрк░ркВркбрк╛ркирлА ркЖрк╡ркХ

ркПрк░ркВркбрк╛ркирлЛ 1180ркерлА 1260 рк░рлВрккрк┐ркпрк╛ ркирлЛркВркзрк╛ркпрлЛ ркнрк╛рк╡тАж ",positive
"рк╡ркбрлЛркжрк░рк╛: SSG рк╣рлЛрк╕рлНрккрк┐ркЯрк▓ркирлА ркмрлЗркжрк░ркХрк╛рк░рлА

рк╣рлЛрк╕рлНрккрк┐ркЯрк▓ркорк╛ркВ рк╢рлНрк╡рк╛ркиркирк╛ ркЖркВркЯрк╛рклрлЗрк░рк╛ ркЬрлЛрк╡рк╛ ркорк│рлНркпрк╛

ркмркХрлЗркЯркорк╛ркВркерлА рк░рлЛркЯрк▓рлА рк▓ркИркирлЗ ркнрк╛ркЧркдрлБ рк╢рлНрк╡рк╛рки ркХрлЗркорлЗрк░рк╛ркорк╛тАж ",negative
"AMCркирлА рк╕рлНркЯрк╛ркл рк╕рк┐рк▓рлЗркХрк╢рки ркХркорк┐ркЯрлАркирлА ркмрлЗркаркХ

ркХркорк┐рк╢ркирк░, ркЪрлЗрк░ркорлЗрки рк╕рк╣рк┐ркдркирк╛ ркЕркзрк┐ркХрк╛рк░рлАркУ рк░рк╣рлЗрк╢рлЗ рк╣рк╛ркЬрк░

ркХрк░рлНркоркЪрк╛рк░рлАркУркирлА ркмрквркдрлА ркЕркВркЧрлЗ рк▓рлЗрк╡рк╛рк╢рлЗ ркирк┐рк░рлНркгркп

ркПтАж ",positive
"ркоркзрлНркпрккрлНрк░ркжрлЗрк╢: ркирк░рлНркоркжрк╛ ркиркжрлАркорк╛ркВ ркмрлЛркЯ рккрк▓ркЯрлА

ркмрлЛркЯркорк╛ркВ рк╕рк╡рк╛рк░ ркдркорк╛рко рк▓рлЛркХрлЛ ркнрк╛рк╡ркиркЧрк░ркирк╛ рк╣ркдрк╛

ркШркЯркирк╛ркорк╛ркВ ркнрк╛рк╡ркиркЧрк░ркирк╛ ркПркХ ркмрк╛рк│ркХркирлБркВ ркорлЛркд

ркПркХ ркЬ рккрк░рк┐рк╡рк╛тАж ",negative
"ркзрк╛рк░рлЛ ркПркЯрк▓рлБркВ ркорк│рлА ркЬрк╛ркп ркдрлЛ рккркг ркзрк╛рк░рлЛ ркПркЯрк▓рлБркВ ркорк╛ркгрлА ркиркерлА рк╢ркХрк╛ркдрлБркВ.
тАж ",negative
"ркЧрлАрк░ рк╕рлЛркоркирк╛ркеркГ ркбрлЙ. ркЕркдрлБрк▓ ркЪркЧ ркЖрккркШрк╛ркд ркХрлЗрк╕ркорк╛ркВ ркЬрлВркирк╛ркЧрквркирк╛ рк╕рк╛ркВрк╕ркж рк░рк╛ркЬрлЗрк╢ ркЪрлВркбрк╛рк╕ркорк╛ рк╡рк┐рк░рлБркжрлНркз ркирлЛркВркзрк╛ркпрлЛ ркЧрлБркирлЛ 
тАж ",negative
"ркЕркоркжрк╛рк╡рк╛ркж: ркХркмрлВркдрк░ркмрк╛ркЬрлА ркХрлЗрк╕ркорк╛ркВ PI ркбрлА.ркбрлА.рк╢рк┐ркорлНрккрлА рк╕рк╛ркорлЗ ркЪрлЛркВркХрк╛рк╡ркирк╛рк░рк╛ ркЖркХрлНрк╖рлЗркк


тАж ",negative
,
,
"ркбрлЛ. ркЕркдрлБрк▓ ркЪркЧ ркЖркдрлНркорк╣ркдрлНркпрк╛ ркХрлЗрк╕ркорк╛ ркЖркЦрк░рлЗ рккрлЛрк▓рлАрк╕ рклрк░рлАркпрк╛ркж ркирлЛркВркзрк╛ркИ ,рк╕рк╛ркВрк╕ркж ркЕркирлЗ ркдрлЗркоркирк╛ рккрк┐ркдрк╛ рк╡рк┐рк░рлБркжрлНркз ркирлЛркзрк╛ркИ рклрк░рлАркпрк╛ркж,ркдрлНрк░тАж ",negative
"ркЕркоркжрк╛рк╡рк╛ркж ркХрлЛрк░рлНрккрлЛрк░рлЗрк╢ркиркирлА рк╕рк╛ркорк╛ркирлНркп рк╕ркнрк╛ркорк╛ркВ рк╡рк┐рккркХрлНрк╖ ркирлЗркдрк╛ рк╢рк╣рлЗркЬрк╛ркж ркЦрк╛рки рккркарк╛ркгрлЗ ркЙркарк╛рк╡рлНркпрлЛ рк╣рк╛ркЯркХрлЗрк╢рлНрк╡рк░ ркмрлНрк░рк┐ркЬркирлЛ ркорлБркжрлНркжрлЛ  
тАж ",negative
"ркдркВркдрлНрк░ркирлА ркЦрлБрк▓рлНрк▓рлА рккрлЛрк▓, рк╕рлЗркирлНркЯрлНрк░рк▓ ркЬрлЗрк▓ркирлА ркЕркВркжрк░ рккркг ркХрлЗркжрлАркУркП ркорлЛркмрк╛ркИрк▓ ркЫрлБрккрк╛рк╡рлАркирлЗ рк░рк╛ркЦрлНркпрк╛ рк╣ркдрк╛.  ркЖркЦрк░рлЗ ркЬрк╡рк╛ркмркжрк╛рк░ ркХрлЛркг?тАж ",negative
"ркоркзрлНркпрккрлНрк░ркжрлЗрк╢ркирк╛ ркУркоркХрк╛рк░рлЗрк╢рлНрк╡рк░ркорк╛ркВ ркирк░рлНркоркжрк╛ ркиркжрлАркорк╛ркВ рк╣рлЛркбрлА рккрк▓ркЯрлА ркЬркдрк╛ 6 рк▓рлЛркХрлЛ ркбрлВркмрлНркпрк╛
 ",negative
"ркмрлЛркЯрк╛ркж ркХрк╕рлНркЯрлЛркбрк┐ркпрк▓ ркбрлЗрке ркХрлЗрк╕ркорк╛ркВ 3 рккрлЛрк▓рлАрк╕ ркХрлЛркирлНрк╕рлНркЯрлЗркмрк▓ рк╕рк╛ркорлЗ ркирлЛркВркзрк╛ркИ рклрк░рк┐ркпрк╛ркж 
 ",negative
"ркЕркорк░рлЗрк▓рлАркорк╛ркВ 2 рк╡рк░рлНрк╖ркирк╛ ркмрк╛рк│ркХ рккрк░ ркорк╛ркирк╡ркнркХрлНрк╖рлА ркжрлАрккркбрк╛ркП рк╣рлБркорк▓рлЛ ркХрк░рлНркпрлЛ, рк╕рккрлНркдрк╛рк╣ркорк╛ркВ ркдрлНрк░рлАркЬрлА ркШркЯркирк╛
тАж ",negative
,
,
"ркирк░рлНркоркжрк╛ркирк╛ ркХрлЗрк╡ркбрк┐ркпрк╛ркорк╛ркВ ркЖркЧрк╛ркорлА 19, 20, 21 ркорлЗркирк╛ ркпрлЛркЬрк╛рк╢рлЗ рк░рк╛ркЬрлНркп рк╕рк░ркХрк╛рк░ркирлА ркЪрк┐ркВркдрки рк╢рк┐ркмрк┐рк░
 ",positive
ркорк╛ркдрк╛-рккрк┐ркдрк╛ ркЪрлЗркдркЬрлЛ: рк░рк╛ркЬркХрлЛркЯркорк╛ркВ ркжрлЛркв рк╡рк░рлНрк╖ркирк╛ ркмрк╛рк│ркХркирлА рк╢рлНрк╡рк╛рк╕ркирк│рлАркорк╛ркВ рклрк╕рк╛ркпрлЗрк▓рк╛ркВ  рк╕рлАркВркЧркирк╛ ркжрк╛ркгрк╛ркирлЗ ркжрлВрк░ркмрлАркиркерлА ркХрк╛ркврлНркпрлЛ- ркЬрлБркУ LIVE рк╡рк┐ркбрлАркпрлЛтАж,negative
,
"VVIP ркорк╛ркЯрлЗ ркЕркбркзрлА рк░рк╛ркдрлЗ ркнрк░рк╛ркпрлЛ ркзрлАрк░рлЗркирлНркжрлНрк░ рк╢рк╛рк╕рлНркдрлНрк░рлАркирлЛ ркжрк┐рк╡рлНркп ркжрк░ркмрк╛рк░, ркЕркбркзрлАрк░рк╛ркдрлЗ ркзрлАрк░рлЗркирлНркжрлНрк░ рк╢рк╛рк╕рлНркдрлНрк░рлА ркХрк░ркдрк╛ ркжрлЗркЦрк╛ркпрк╛тАжтАж ",positive
"ркиркмрк│рлА ркХрк╛ркоркЧрлАрк░рлАркирлА ркЦрлБрк▓рлА рккрлЛрк▓! рк╣рк┐ркВркоркдркиркЧрк░ркирк╛ ркорлЛркдрлАрккрлБрк░рк╛ркорк╛ркВ ркбрлНрк░рлЗркирлЗркЬркорк╛ркВ ркЦрк╛ркмркХрлНркпрлБркВ 12 ркЯрк╛ркпрк░ркирлБркВ ркбркорлНрккрк░
 ",negative
ркЧрлБркЬрк░рк╛ркд ркмрлЛрк░рлНркб ркЯрлВркВркХ рк╕ркоркпркорк╛ркВ ркзрлЛрк░ркг-10ркирлБркВ рккрк░рк┐ркгрк╛рко ркЬрк╛рк╣рлЗрк░ ркХрк░рк╢рлЗтАж,positive
"CCTV: рк╡ркбрлЛркжрк░рк╛ркирк╛ рк╡рк╛ркШрлЛркбрк┐ркпрк╛ркорк╛ркВ рк╡рк░рк░рк╛ркЬрк╛ркирлА ркЧрк╛ркбрлАркП 15 рк▓рлЛркХрлЛркирлЗ рк▓рлАркШрк╛ ркЕркбрклрлЗркЯрлЗ 
 ",negative
"рк╡ркбрлЛркжрк░рк╛ркирк╛ рк╡рк╛ркШрлЛркбрк┐ркпрк╛ркорк╛ркВ рк╡рк░ркШрлЛркбрк╛ркорк╛ркВ рк╡рк░рк░рк╛ркЬрк╛ркирлЗ рк▓ркИркирлЗ ркЬркдрлА ркХрк╛рк░ркирк╛ ркЪрк╛рк▓ркХрлЗ 17 рк▓рлЛркХрлЛркирлЗ ркЕркбрклрлЗркЯрлЗ рк▓рлАркзрк╛  

рк╡рк░рк░рк╛ркЬрк╛ркирлА ркорк╛рк╕рлАркирлБркВ ркХркЪркбрк╛ркИ ркЬркдрк╛ркВтАж ",negative
"рк░рлЛркб рк░рк╕рлНркдрк╛ркирк╛ рккрлНрк░рк╢рлНркирлЛркирлБркВ ркирк┐рк░рк╛ркХрк░ркг рки ркЖрк╡ркдрк╛ рк╢рлАрк╡ркиркЧрк░ркирк╛ рк░рк╣рлАрк╢рлЛ ркмрлЗркарк╛ркВ ркзрк░ркгрк╛ рккрк░
 ",negative
,
"ркХркЪрлНркЫркорк╛ркВ ркЕркХрк╕рлНркорк╛ркдркирк╛ рккркЧрк▓рлЗ ркнрлБркЬрлЛркбрлА ркЧрк╛ркоркирлЛ рккрлНрк░рк╡рлЗрк╢ркжрлНрк╡рк╛рк░ ркдрлВркЯрлА рккркбрлНркпрлЛ!
 ",negative
,
"рк╡рк╛рк╣ркирлЛркорк╛ркВ рклрлЗркирлНрк╕рлА ркиркВркмрк░ рккрлНрк▓рлЗркЯ ркХрлЗ рк▓ркЦрк╛ркгрлЛ рк╣рлЛркп ркдрлЛ ркХрк╛ркврлА ркирк╛ркЦркЬрлЛ, ркЯрлНрк░рк╛рклрк┐ркХ рккрлЛрк▓рлАрк╕рлЗ ркмрлЛрк▓рк╛рк╡рлА ркдрк╡рк╛ркИ, 123 рк╡рк╛рк╣ркирлЛ ркбрк┐ркЯрлЗркитАж ",negative
"рк╡ркзрк╢рлЗ ркЫрлЛркЯрлЗ ркирк╡рк╛ркмркирлА ркорлБрк╢рлНркХрлЗрк▓рлА?: 11 рк╡рк░рлНрк╖ ркЬрлВркирк╛ ркХрлЗрк╕ркирлА ркЖркЧрк╛ркорлА ркорк╣рк┐ркирлЗ рк╢рк░рлВ ркеркИ рк╢ркХрлЗ ркЫрлЗ рк╕рлБркирк╛рк╡ркгрлА
тАж ",positive
"ркнрк╛рк░ркд ркЕркирлЗ ркУрк╕рлНркЯрлНрк░рлЗрк▓рк┐ркпрк╛ рк╡ркЪрлНркЪрлЗ ркпрлЛркЬрк╛ркирк╛рк░рлА WTC рклрк╛ркИркирк▓ рккрк╣рлЗрк▓рк╛ ICC ркжрлНрк╡рк╛рк░рк╛ ркЯрлЗрк╕рлНркЯ ркорлЗркЪркирк╛ ркирк┐ркпркорлЛркорк╛ркВ рклрлЗрк░рклрк╛рк░
",negative
"ркнрк╛рк░ркдрлАркп рк╢рлЗрк░ркмркЬрк╛рк░ркорк╛ркВ ркЕркарк╡рк╛ркбрк┐ркпрк╛ркирк╛ рккрк╣рлЗрк▓рк╛ ркЯрлНрк░рлЗркбрк┐ркВркЧркирк╛ ркжрк┐рк╡рк╕рлЗ ркдрлЗркЬрлА

рк╡ркзрлБ ркорк╛рк╣рк┐ркдрлА ркорк╛ркЯрлЗ - 
тАж ",positive
ркорк╛ркзрлБрккрлБрк░рк╛ рк╕ркЯрлНркЯрк╛ркХрк╛ркВркб: SMCркП рккркХркбрлЗрк▓рк╛ ркирк┐рк▓рлЗрк╢ рк░рк╛ркорлАркирк╛ ркШрк░ркорк╛ркВркерлА 22.20 рк▓рк╛ркЦ рк░рлЛркХркбрк╛ ркорк│рлНркпрк╛: IT-EDркирлЗ ркХрк░рк╛ркИ ркЬрк╛ркгтАж,positive
ркЯрлНрк░рк╛рклрк┐ркХркерлА ркмркЪрк╡рк╛ ркорк╛ркЯрлЗ ркмркЪрлНркЪркирлЗ ркЕркЬрк╛ркгрлНркпрк╛ ркмрк╛ркЗркХрк╕рк╡рк╛рк░ркирлА ркоркжркж рк▓рлАркзрлАтАж,positive
"рк░рк╛ркЬркХрлЛркЯркорк╛ркВ ркорк░рлНрк╕рк┐ркбрлАркЭрлЗ ркЯркХрлНркХрк░ ркорк╛рк░ркдрк╛ ркпрлБрк╡ркХркирлБркВ ркорлЛркд! ркорлГркдркХркирк╛ рккрк░рк┐рк╡рк╛рк░ркЬркирлЛркП ркирлНркпрк╛ркпркирлА ркХрк░рлА ркорк╛ркЧ
 ",negative
ркХрлЛркг ркмркирк╢рлЗ ркХрк░рлНркгрк╛ркЯркХркирк╛ ркорлБркЦрлНркпркоркВркдрлНрк░рлА? ркХрлЛркВркЧрлНрк░рлЗрк╕ркирк╛ рк░рк╛рк╖рлНркЯрлНрк░рлАркп ркЕркзрлНркпркХрлНрк╖ ркорк▓рлНрк▓рк┐ркХрк╛рк░рлНркЬрлБрки ркЦркбркЧрлЗ ркжрлНрк╡рк╛рк░рк╛ ркЖркЬрлЗ ркеркИ рк╢ркХрлЗ ркЫрлЗ рк╕ркдрк╛рк╡рк╛рк░ ркЬрк╛рк╣рлЗрк░рк╛ркдтАж,positive
"рккрлНрк▓рк╛рк╕рлНркЯрлАркХркирлА ркмрлЛркЯрк▓ркирк╛ ркврк╛ркВркХркгрк╛ркорк╛ркВркерлА ркмркирк╛рк╡рлНркпрлЛ ркЕркирлЛркЦрлЛ ркмрлЗрк▓рлНркЯ
тАж ",positive
"ркЬрк╛ркгрлЛ рк░рк╛ркЬркпркорк╛ркВ ркХркпрк╛рк░рлЗ рккркбрк╢рлЗ рк╡рк░рк╕рк╛ркж, ркЕркВркмрк╛рк▓рк╛рк▓ рккркЯрлЗрк▓рлЗ ркХрк░рлА ркЖркЧрк╛рк╣рлА

",positive
"ркз ркХрлЗрк░рк│ рк╕рлНркЯрлЛрк░рлА': рк╕рлБрккрлНрк░рлАрко ркХрлЛрк░рлНркЯ ркоркВркЧрк│рк╡рк╛рк░рлЗ рклрк┐рк▓рлНркоркирлА рк░рк┐рк▓рлАркЭ рк╕рк╛ркорлЗркирлА ркЕрк░ркЬрлА рккрк░ рк╕рлБркирк╛рк╡ркгрлА ркХрк░рк╢рлЗ 
тАж ",negative
"рк╡рк┐ркжрлЗрк╢рлА ркиркВркмрк░рлЛ рккрк░ркерлА ркЖрк╡ркдрк╛ ркХрлЛрк▓ ркЕркирлЗ ркорлЗрк╕рлЗркЬркерлА рк╕рк╛рк╡ркзрк╛рки, ркЬрк╛рк│ркорк╛ркВ рклрк╕рк╛ркпрк╛ ркдрлЛ ркеркИ ркЬрк╢рлЗ ркорлЛркЯрлЛ рклрлНрк░рлЛркб.
тАж ",negative
"рк╡ркбрлЛркжрк░рк╛ркорк╛ркВ ркЬрк╛рк╣рлЗрк░ркорк╛ркВ рккрк┐ркЪркХрк╛рк░рлА ркорк╛рк░ркирк╛рк░ 47 рк╡рк╛рк╣рки ркЪрк╛рк▓ркХрлЛркирлЗ ркдркВркдрлНрк░ркП рклркЯркХрк╛рк░рлНркпрлЛ ркжркВркб
 ",negative
ркЕркоркжрк╛рк╡рк╛ркж: AMTSркирк╛ ркбрлНрк░рк╛ркЗрк╡рк░ ркХрк░рлА рк░рк╣рлНркпрк╛ ркЫрлЗ ркирк┐ркпркорлЛркирлА ркРрк╕рлАркдрлИрк╕рлА! рк╕рлАркЯ ркмрлЗрк▓рлНркЯ рк╡рк┐ркирк╛ рккрлВрк░рккрк╛ркЯ ркмрк╕ ркжрлЛркбрк╛рк╡ркдрлЛ ркбрлНрк░рк╛ркЗрк╡рк░ ркХрлЗркорлЗрк░рк╛ркорк╛ркВ ркХрлЗркжтАж,negative
"рк░рлЛркб рк░рк╕рлНркдрк╛ркирк╛ рккрлНрк░рк╢рлНркирлЛркирлБркВ ркирк┐рк░рк╛ркХрк░ркг рки ркЖрк╡ркдрк╛ рк╢рлАрк╡ркиркЧрк░ркирк╛ рк░рк╣рлАрк╢рлЛ ркмрлЗркарк╛ркВ ркзрк░ркгрк╛ рккрк░
 ",negative
"ркЖрк░рлНркпрки ркЦрк╛рки ркбрлНрк░ркЧ ркХрлЗрк╕: CBI FIR рк╡рк┐ркЧркдрлЛ 25 ркХрк░рлЛркбркирлА ркЙркЪрк╛рккркдркирлБркВ 'рк╖ркбркпркВркдрлНрк░', рк╕ркорлАрк░ рк╡рк╛ркиркЦрлЗркбрлЗ рк╕рк╛ркорлЗ 'ркнрлНрк░рк╖рлНркЯрк╛ркЪрк╛рк░ркирлЛ' ркЖрк░рлЛркктАж ",negative
"ркмрлНрк░рк┐ркЯрк┐рк╢рк░рлЛ ркП The Kerala Story ркирк╛ рк╢рлЛ UKркорк╛ркВ ркХрлЗркирлНрк╕рк▓ ркХрк░рлНркпрк╛

ркмрлНрк░рк┐ркЯрк┐рк╢ ркмрлЛрк░рлНркб ркУркл рклрк┐рк▓рлНрко ркХрлНрк▓рк╛рк╕рк┐рклрк┐ркХрлЗрк╢рки (BBFC) ркдрк░рклркерлА 12ркорлА ркорлЗркирк╛тАж ",negative
"рк╕рлБркирлАрк▓ ркЧрк╛рк╡рк╕рлНркХрк░рлЗ ркзрлЛркирлАркирк╛ рклрлЗрки ркмркирлАркирлЗ ркорлЗркжрк╛ркиркирлА рк╡ркЪрлНркЪрлЗ рк╢рк░рлНркЯ рккрк░ рк▓рлАркзрлЛ ркУркЯрлЛркЧрлНрк░рк╛ркл.
.
. тАж ",positive
,
,
"ркЕркоркжрк╛рк╡рк╛ркжркорк╛ркВ AMTSркирк╛ ркбрлНрк░рк╛ркИрк╡рк░ркирлЛ рк╡рлАркбрк┐ркпрлЛ рк╡рк╛ркпрк░рк▓

ркЪрк╛рк▓рлБ ркмрк╕ркорк╛ркВ рклрлЛрки рккрк░ рк╡рк╛ркд ркХрк░ркдрк╛ ркбрлНрк░рк╛ркИрк╡рк░ркирлЛ рк╡рлАркбрк┐ркпрлЛ

рк╕рк┐ркЯ ркмрлЗрк▓рлНркЯ ркирк╣рлАркВ, ркЪрк╛рк▓рлБ ркмрк╕ркорк╛ркВтАж ",negative
"рк╡ркбрлЛркжрк░рк╛:  рккрк╛ркжрк░рк╛ркорк╛ркВ рк╡рлГркжрлНркз ркжркВрккркдрк┐ркирлА рк▓рк╛рк╢ ркорк│рлА

ркШрк░ркорк╛ркВркерлА ркорк│рлНркпрк╛ рк╡рлГркжрлНркз ркжркВрккркдрк┐ркирк╛ ркорлГркдркжрлЗрк╣

ркЕрк╕рк╣рлНркп ркЧрк░ркорлАркирк╛ ркХрк╛рк░ркгрлЗ ркорлЛркд ркеркпрк╛ркирлА ркЖрк╢ркВркХрк╛

рккрк╛тАж ",negative
"ркорлНркпрк╛ркВркорк╛рк░ркорк╛ркВ ркорлЛркХрк╛ рк╡рк╛рк╡рк╛ркЭрлЛркбрк╛ркирк╛ ркХрк╛рк░ркгрлЗ 6ркирк╛ркВ ркорлЛркд, ркШрк░ркирлА ркЫркд ркЕркирлЗ ркорлЛркмрк╛ркИрк▓┬аркЯрк╛рк╡рк░┬аркКркбрлА┬аркЧркпрк╛ркВ
тАж ",negative
,
"ркЖрк░рлНркЯрк┐рклрк┐рк╢рк┐ркпрк▓ ркЗркирлНркЯрлЗрк▓рк┐ркЬркирлНрк╕ркирлЗ рк▓ркИ ркЧрлВркЧрк▓ркирк╛ рк╕рк╣-рк╕рлНркерк╛рккркХрлЛркирлА рк╕ркВркпрлБркХрлНркд рк╕ркВрккркдрлНркдрк┐ркорк╛ркВ $18 ркмрк┐рк▓рк┐ркпркиркерлА рк╡ркзрлБркирлЛ рк╡ркзрк╛рк░рлЛ

",positive
,
"Vadodara: ркиркбрк╛ ркЧрк╛ркоркирк╛ ркдрк│рк╛рк╡ркорк╛ркВркерлА ркмрк╛рк│ркХркирлЛ ркорлГркдркжрлЗрк╣ ркорк│рлНркпрлЛ, 4 ркХрк▓рк╛ркХркирлА ркнрк╛рк░рлЗ ркЬрк╣рлЗркоркд ркмрк╛ркж рклрк╛ркпрк░ рклрк╛ркпркЯрк░ркирлЗ ркорк│рлА рк╕рклрк│ркдрк╛
тАж ",negative
"рк╕рлБрк░ркдркирк╛ ркорлЗркпрк░ ркЖркХрк░рк╛ рккрк╛ркгрлАркП

рк╕рлАркЯрлА ркмрк╕ ркЪрк╛рк▓ркХрлЛ рк╕рк╛ркорлЗ рк▓рк╛рк▓ ркЖркВркЦ ркХрк░рлА

рккрлБрк░рккрк╛ркЯ ркЭркбрккрлЗ ркЕркирлЗ ркмрлЗркжрк░ркХрк╛рк░рлА рк░рлАркдрлЗ ркмрк╕ рк╣ркВркХрк╛рк░ркирк╛рк░ рк╕рк╛ркорлЗ рк▓рк╛рк▓ ркЖркВркЦ ркХрк░рлАтАж ",negative
рк░рк╛ркЬрлНркпркирлА рккрлНрк░рк╛ркеркорк┐ркХ рк╢рк╛рк│рк╛ркирк╛ рк╢рк┐ркХрлНрк╖ркХ ркорк┐ркдрлНрк░рлЛркирк╛ рк╣рк┐ркд ркорк╛ркЯрлЗ ркорк╣ркдрлНрк╡рккрлВрк░рлНркг ркирк┐рк░рлНркгркп...тАж,positive
,
"рк╡ркбрлЛркжрк░рк╛ркорк╛ркВ ркЬрк╛рк╣рлЗрк░ркорк╛ркВ ркерлВркВркХрлНркпрк╛ ркдрлЛ рк╣рк╡рлЗ ркЦрлИрк░ ркирк╣рлАркВ 

ркЬрк╛рк╣рлЗрк░ркорк╛ркВ рккрк┐ркЪркХрк╛рк░рлА ркорк╛рк░ркдрк╛ рк▓рлЛркХрлЛркирлЗ ркжркВркб ркХрк░рк╡рк╛ркирлА рк╢рк░рлВркЖркд

ркХркорк╛ркирлНркб ркПркирлНркб ркХркирлНркЯрлНрк░рлЛрк▓тАж ",negative
"ркЗркдрк┐рк╣рк╛рк╕ркирк╛ рккрлБрк╕рлНркдркХркорк╛ркВ ркЖрк╡ркдрк╛ркВ рк╡рк░рлНрк╖рлЗ ркЧрлНрк░рлАрк╕ ркЕркирлЗ ркоркЧркз рк╕рлБркзрлАркирк╛ ркирк╡рк╛ рккрлНрк░ркХрк░ркгрлЛ ркорк│рк╢рлЗ.  
тАж ",positive
,
"ркЕркорк░рлЗрк▓рлАркорк╛ркВ ркЖркЦрк░рлЗ ркорк╛ркирк╡ркнркХрлНрк╖рлА ркжрлАрккркбрлЛ рккрк╛ркВркЬрк░рлЗ рккрлБрк░рк╛ркпрлЛ

рк░рк╛ркЬрлБрк▓рк╛ркирк╛ ркХрк╛ркдрк░ ркЧрк╛ркоркорк╛ркВ ркмрк╛рк│ркХ рккрк░ ркХрк░рлНркпрлЛ рк╣ркдрлЛ рк╣рлБркорк▓рлЛ

ркжрлАрккркбрк╛ркирк╛ рк╣рлБркорк▓рк╛ркорк╛ркВ 2 рк╡рк░рлНрк╖тАж ",negative
,
"ркХрлЛркИ рккрлЛркдрк╛ркирлА рк╢ркХрлНркдрк┐ркирлЗ ркУрк│ркЦрлА рк▓рлЗ ркЕркирлЗ ркбрк░ркирлЗ ркжрлВрк░ ркХрк░рлА ркжрлЗ ркдрлЛ ркЖрко рк╕рк╛рк╡ркЬ рк╕рк╛ркерлЗ рккркг ркмрк╛рке ркнрлАркбрлА рк╢ркХрлЗ.
тАж ",positive
ркЧрлБркЬрк░рк╛ркдрлА рклрк┐рк▓рлНрко ркЗркирлНркбрк╕рлНркЯрлНрк░рлА ркорк╛ркЯрлЗ ркЧрлМрк░рк╡ркирлА рк╡рк╛ркд ркХрк╣рлЗрк╡рк╛ркп ркХрлЗ рклрк┐рк▓рлНрко рк╡рк╢ркирлА рк╣рк╡рлЗ рк╣рк┐ркирлНркжрлА рк░рлАркорлЗркХ ркмркирк╢рлЗ.тАж,positive
,
"рк╕рлБрк░ркд: рк▓рк┐ркВркмрк╛ркпркдркорк╛ркВ ркЪрлЗркдрк╡ркгрлАрк░рлВркк ркХрк┐рк╕рлНрк╕рлЛ

рк░ркоркдрк╛ рк░ркоркдрк╛ ркмрк╛рк│ркХркирлЗ ркорк╛ркерк╛ркорк╛ркВ рк╡рк╛ркЧрлА рккркВркЦрк╛ркирлА рккрк╛ркВркЦ

рккрк┐ркдрк╛ ркмрк╛рк│ркХрлАркирлЗ рк░ркорк╛ркбрк╡рк╛ ркЙркЫрк╛рк│рлА рк░рк╣рлНркпрк╛ рк╣ркдрк╛тАж ",negative
"ркХркмрлВркдрк░рлЛркирлЗ ркЪркг ркирк╛ркЦркдрк╛ рк╣рлЛ ркдрлЛ ркЪрк░ркХ, рккрлАркВркЫрк╛ркирлЗ ркХрк╛рк░ркгрлЗ ркИркирлНрклрлЗркХрлНрк╢рки ркеркИ рк╢ркХрлЗ ркЫрлЗ.
тАж ",negative
"( Representative image ) 

ркЧрлБркЬрк░рк╛ркдркирк╛ 182 ркорк╛ркЫрлАркорк╛рк░рлЛркирлЗ рккрк╛ркХрк┐рк╕рлНркдрк╛ркирлЗ ркорлБркХрлНркд ркХрк░рлНркпрк╛

ркорлЛркбрлА рк░рк╛ркдрлНрк░рлЗ ркЧрлБркЬрк░рк╛ркд рккрк░ркд рклрк░рлНркпрк╛ 182 ркорк╛ркЫрлАркорк╛тАж ",positive
"ркнрк╛рк╡ркиркЧрк░: 20ркерлА рк╡ркзрлБ рк▓рлЛркХрлЛркирлЗ рклрлВркб рккрлЛркИркЭрки

ркХркерк╛ рк╣рк╡ркиркорк╛ркВ ркЬркоркгрк╡рк╛рк░ ркмрк╛ркж рклрлВркб рккрлЛркИркЭрки

20 ркЬрлЗркЯрк▓рк╛ ркмрк╛рк│ркХрлЛркирлЗ ркеркИ ркЫрлЗ ркЕрк╕рк░ 

ркЦрк╛рк░рк╕рлА ркЧрлНрк░рк╛ркорлНркп рк╡рк┐тАж ",negative
,
"рк░рк╛ркЬрлНркпркорк╛ркВ рк╢рлНрк╡рк╛ркиркирлЛ ркЖркдркВркХ рк╡ркзрлНркпрлЛ

рк╕рлБрк░ркдркорк╛ркВ рк╡рк░рк░рк╛ркЬрк╛ рккрк░ рк╢рлНрк╡рк╛ркиркирлЛ рк╣рлБркорк▓рлЛ

ркЖркВркХрк▓рк╛рк╡ркорк╛ркВ 4 рк▓рлЛркХрлЛркирлЗ рк╢рлНрк╡рк╛ркирлЗ ркмркЪркХрк╛ ркнрк░рлНркпрк╛",negative
,
"ркЧрлБркЬрк░рк╛ркдркирк╛ 182 ркорк╛ркЫрлАркорк╛рк░рлЛркирлЗ рккрк╛ркХрк┐рк╕рлНркдрк╛ркирлЗ ркорлБркХрлНркд ркХрк░рлНркпрк╛

ркорлЛркбрлА рк░рк╛ркдрлНрк░рлЗ ркЧрлБркЬрк░рк╛ркд рккрк░ркд рклрк░рлНркпрк╛ 182 ркорк╛ркЫрлАркорк╛рк░рлЛ

ркоркВркдрлНрк░рлА рк░рк╛ркШрк╡ркЬрлА рккркЯрлЗрк▓рлЗ рк╡ркбрлЛркжтАж ",positive
"ркЧрлНрк▓рлЛркмрк▓ ркорк╛рк░рлНркХрлЗркЯркерлА ркорк┐рк╢рлНрк░ рк╕ркВркХрлЗркдрлЛ
ркбрк┐рклрлЗркирлНрк╕ркорк╛ркВ ркорлЗркХ ркЗрки ркЗркирлНркбрк┐ркпрк╛ркирлЛ ркжркотАж ",positive
"#CNBCBajar | ркЧрлНрк▓рлЛркмрк▓ ркорк╛рк░рлНркХрлЗркЯркерлА ркорк┐рк╢рлНрк░ рк╕ркВркХрлЗркдрлЛ, ркорк╛ркВ рк▓ркЧркнркЧ рккрлЛркгрк╛ ркЯркХрк╛ркирлБркВ ркжркмрк╛ркгтАж ",positive
ркбркнрлЛркИ ркдрк╛рк▓рлБркХрк╛ркирк╛ ркиркбрк╛ ркЧрк╛ркорлЗ 8 рк╡рк░рлНрк╖ркирлЛ ркмрк╛рк│ркХ ркирлБркВ ркдрк│рк╛рк╡ркорк╛ркВ ркбрлБркмрлА ркЬркдрк╛ ркорлГркдрлНркпрлБ ркирлАрккркЬрлНркпрлБркВ.тАж,negative
"ркзрлЛрк░ркг 12ркорк╛ркВ ркмрлЗ рк╡рк┐рк╖ркпркорк╛ркВ ркирк╛рккрк╛рк╕ ркеркдрк╛ркВ рк╡рк┐ркжрлНркпрк╛рк░рлНркерк┐ркирлАркП ркХрк░рлА ркЖркдрлНркорк╣ркдрлНркпрк╛, ркШрк░ркорк╛ркВ рк╢рлЛркХркирлЛ ркорк╛рк╣рлЛрк▓


тАж ",negative
,
"ркХрлЗрк░рлАркорк╛ркВ ркЫрлЗ ркЕркирлЗркХ ркЧрлБркг : ркдркорлЗ ркЬрк╛ркгрлАркирлЗ ркЪрлЛркХрлА ркЬрк╢рлЛ..ркЖрк╡рлЛ ркЬрк╛ркгрлАркП ркХрлЗрк░рлА ркЦрк╛рк╡рк╛ркирк╛ рклрк╛ркпркжрк╛


тАж ",positive
"ркнрк╛рк░ркдрлАркп ркирлЗрк╡рлАркП рк╕рлБрккрк░рк╕рлЛркирк┐ркХ ркмрлНрк░рк╣рлНркорлЛрк╕ ркорк┐рк╕рк╛ркИрк▓ркирлБркВ ркХрк░рлНркпрлБ рк╕рклрк│ркдрк╛рккрлВрк░рлНрк╡ркХ рккрк░рлАркХрлНрк╖ркг


тАж ",positive
,
"ркЬрк╛рк╣рлЗрк░ркорк╛ркВ ркерлБркВркХркдрк╛ рккрк╣рлЗрк▓рк╛ркВ ркЪрлЗркдрлА ркЬркЬрлЛ: ркЬрк╛рк╣рлЗрк░ркорк╛ркВ ркерлБркВркХркдрк╛ 17 рк▓рлЛркХрлЛркирлЗ ркжркВркб ркнрк░рк╡рк╛ ркирлЛркЯрк┐рк╕ рклркЯркХрк╛рк░рк╛ркИ
 ",negative
,
"ркнрк░рлВркЪ ркдркВркдрлНрк░ркирк╛ рккрк╛рккрлЗ рккрк░рк┐рк╡рк╛рк░ркорк╛ркВ ркХркжрк┐ркп рки рккрлБрк░рк╛ркп ркдрлЗрк╡рлА ркЦрлЛркЯ рккркбрлА, рк╡рлЗркирлНркЯрлАрк▓рлЗркЯрк░ рккрк░ рк░рк╣рлЗрк▓рк╛ ркжрк░рлНркжрлАркП ркЧрлБркорк╛рк╡рлНркпрлЛ ркЬрлАрк╡ (VIDEO)
тАж ",negative
,
,
"ркЙркВркорк░ ркнрк▓рлЗ ркЧркорлЗ ркПркЯрк▓рлА рк╣рлЛркИ рккрк░ркВркдрлБ рк╕ркоркп ркорк│рлЗ ркдрлНркпрк╛рк░рлЗ ркЖрко ркмрк╛рк│рккркг ркорк╛ркгркдрк╛ рк░рк╣рлЗркЬрлЛ.
тАж ",positive
"ркЬрлИрки рклрлВркбрк╕ркирлЛ ркорлЗркВркЧрлЛ ркорк┐рк▓рлНркХ рк╢рлЗркХ рккркг рк╕ркмрк╕рлНркЯрк╛ркирлНркбрк░рлНркб ркирк┐ркХрк│рлНркпрлЛ

ркХрлЛркХрлЛркиркЯ ркЯрлЛрклрлА, ркЕркирлЗ рклрк░рк╕рлАрккрлБрк░рлА рккркг ркорк┐рк╕ркмрлНрк░рк╛ркирлНркбрлЗркб

рк╡рк┐рк╡рк┐ркз рк╡рк┐рк╕рлНркдрк╛рк░ркорк╛ркВ ркЕркЦрк╛тАж ",negative
,
"рк░рк╛ркЬркХрлЛркЯркорк╛ркВ ркврлЛрк░ ркорк╛рк▓рк┐ркХрлЛркирлА ркжрк╛ркжрк╛ркЧрлАрк░рлА 

ркоркирккрк╛ркирлА ркХрк╛ркоркЧрлАрк░рлАркорк╛ркВ рк░рлБркХрк╛рк╡ркЯркирлЛ рк╡рлАркбрк┐ркпрлЛ 

ркоркирккрк╛ркирк╛ ркХрк░рлНркоркЪрк╛рк░рлАркУркирлЗ ркЕрккрк╢ркмрлНркж ркмрлЛрк▓рлНркпрк╛

ркоркирккрк╛ ркХрк░рлНркоркЪрк╛тАж ",negative
UP Municipal Corporation Results : ркнрк╛ркЬрккркирлЗ ркЙркдрлНркдрк░ рккрлНрк░ркжрлЗрк╢ ркорлНркпрлБркирк┐рк╕рк┐рккрк▓ ркХрлЛрк░рлНрккрлЛрк░рлЗрк╢ркиркирлА ркЪрлВркВркЯркгрлАркорк╛ркВ ркмркорлНрккрк░ ркЬрлАркд ркорк│рлА ркЫрлЗ. ркорлБркЦрлНркпркоркВтАж,positive
"ркорк░ркЪрк╛ркВ рккрк╛ркЙркбрк░ркорк╛ркВ ркЪрлЛркЦрк╛ркирлА ркнрлВркХрлА ркЙркорлЗрк░рк╛ркдрлА рк╣ркдрлА

рк▓рк╛рк▓ рк░ркВркЧркирлБркВ ркорк░ркЪрлБркВ ркмркирк╛рк╡рк╡рк╛ ркХрк▓рк░ ркиркВркЦрк╛ркдрлЛ рк╣ркдрлЛ

3.98 рк▓рк╛ркЦ ркирлЛ ркорлБркжрлНркжрк╛ркорк╛рк▓ ркХркмркЬрлЗ ркХрк░рк╛ркпрлЛ

ркотАж ",negative
"рк╕рлБрк░ркд: ркорк░ркЪрлБ рккрк╛ркЙркбрк░ркорк╛ркВ ркнрлЗрк│рк╕рлЗрк│

ркХркбрлЛркжрк░рк╛ркорк╛ркВ рклрлВркб рк╡рк┐ркнрк╛ркЧрлЗ рккрк╛ркбрлА рк╣ркдрлА рк░рлЗркб

ркЬрлЗ.ркбрлА.рклрлВркб ркПркирлНркб ркПркЧрлНрк░рлЛркорк╛ркВ рккрк╛ркбрлНркпрк╛ рк╣ркдрк╛ ркжрк░рлЛркбрк╛",negative
UP News : ркЙркдрлНркдрк░ рккрлНрк░ркжрлЗрк╢ркирк╛ ркжрк░рлЗркХ рккрлЛрк▓рлАрк╕ рк╕рлНркЯрлЗрк░рк╢рки рк╣рк╡рлЗ рк╕рлАрк╕рлАркЯрлАрк╡рлА ркХрлЗркорлЗрк░рк╛ркирлА ркжрлЗркЦрк░рлЗркЦркорк╛ркВ рк╣рк╢рлЗ. ркЙркдрлНркдрк░ рккрлНрк░ркжрлЗрк╢ рк╕рк░ркХрк╛рк░ ркжрлНрк╡рк╛рк░рк╛ рк░рк╛ркЬрлНркпркирк╛тАж,positive
,
,
"ркЬрлЛ рк╣ркХрлАркХркдрлЗ ркоркжркж ркХрк░рк╡рк╛ркирлА ркнрк╛рк╡ркирк╛ рк╣рлЛркп ркдрлЛ ркдрлЗ ркЖ рк░рлАркдрлЗ рккркг ркеркИ рк╢ркХрлЗ.
тАж ",positive
ркЧрлБркЬрк░рк╛ркд рк╕рк░ркХрк╛рк░ рк╡ркзрлБ ркЖрк╡ркХ ркзрк░рк╛рк╡ркдрк╛ рк▓рлЛркХрлЛркирлЗ рк╡ркзрлБ рк░рк╛рк╢ркиркирлБркВ ркЕркирк╛ркЬ ркЖрккрлА рк░рк╣рлА ркЫрлЗ,positive
"ркнрк╛рк░ркдркирк╛ ркирк┐рк░рлНркорк╛ркгркорк╛ркВ ркЖ ркорк╣рк╛рки ркорк╛ркдрк╛ркУркирлЛ ркорк╣рк╛ркорлВрк▓рлЛ рклрк╛рк│рлЛ рк░рк╣рлНркпрлЛ ркЫрлЗ.
тАж ",positive
,
,
"рккрлВрк░рлНрк╡ MLA ркЬрлЗркарк╛ркнрк╛ркИ рк░рк╛ркарлЛркбркирлБркВ ркЕрк╡рк╕рк╛рки

ркЦрлЗркбркмрлНрк░рк╣рлНркорк╛ркирк╛ ркзрк╛рк░рк╛рк╕ркнрлНркп рк╣ркдрк╛ ркЬрлЗркарк╛ркнрк╛ркИ рк░рк╛ркарлЛркб

86 рк╡рк░рлНрк╖ркирлА ркЙркВркорк░рлЗ ркзрк╛рк░рк╛рк╕ркнрлНркпркирлБркВ ркеркпрлБркВ ркЕрк╡рк╕рк╛ркитАж ",negative
"ркЖркгркВркж: ркмрлЛркЪрк╛рк╕ркг ркоркВркжрк┐рк░ркирлЛ 126ркорлЛ рккрк╛ркЯрлЛркдрлНрк╕рк╡

ркнркЧрк╡рк╛ркиркирлЗ рк╕рлБркВркжрк░ рк╢ркгркЧрк╛рк░ ркЕркирлНркиркХрлВркЯ ркзрк░рк╛рк╡рк╛рк╢рлЗ

рк╢рлНрк░рлА ркирлАрк▓ркХркВрка рк╡рк░ркгрлАркирлЗ ркЕркнрк┐рк╖рлЗркХ ркХрк░рк╛рк╢рлЗ

рк╕ркдрлНрк╕ркВркЧ рк╕тАж ",positive
,
"Grah Gochar Yog 2023 : 18 ркжрк┐рк╡рк╕ рк╕рлБркзрлА ркорк╣рлЗрк░ркмрк╛рки рк░рк╣рлЗрк╢рлЗ ркХрк┐рк╕рлНркоркд, 6 рк░рк╛рк╢рк┐ркирлЗ ркорк│рк╢рлЗ рк▓рк╛ркн
тАж ",positive
"Vish Yog 2023: рк╢ркирк┐-ркЪркВркжрлНрк╡ркерлА ркЖ рк░рк╛рк╢рк┐ркУркирлЗ ркЖрк╡рк╢рлЗ рк╕ркорк╕рлНркпрк╛, рк░рк╣рлЗрк╡рлБркВ рккркбрк╢рлЗ рк╕рк╛рк╡ркзрк╛рки
тАж ",negative
,
"ркЕркоркжрк╛рк╡рк╛ркж: 2 рк╡рк░рлНрк╖ркирк╛ ркмрк╛рк│ркХркирлБркВ рккрк╛ркгрлАркирлА ркЯрк╛ркВркХрлАркорк╛ркВ рккркбркдрк╛ркВ ркорлЛркд 
 ",negative
"ркдрк╛рккрлА: ркнрк╛ркЬрккркирк╛ ркорк╣рк┐рк▓рк╛ рк╕ркнрлНркп рк╕рк░рк┐ркдрк╛ рк╡рк╕рк╛рк╡рк╛ рк▓рк╛ркВркЪ рк▓рлЗркдрк╛ ркЭркбрккрк╛ркпрк╛
 ",negative
ркмрлЛркЯрк╛ркжркорк╛ркВ ркдрк│рк╛рк╡ркорк╛ркВ ркирлНрк╣рк╛рк╡рк╛ рккркбрлЗрк▓рк╛ 2 ркпрлБрк╡ркХркирлЗ ркмркЪрк╛рк╡рк╡рк╛ 3 ркЬркдрк╛ркВ рккрк╛ркВркЪрлЗркпркирк╛ркВ ркорлЛркд,negative
"ркЧрлВркЬрк░рк╛ркд рк╡рк┐ркжрлНркпрк╛рккрлАркаркорк╛ркВ ркирк╡рк╛ рк╕рлИркХрлНрк╖ркгрк┐ркХ рк╕ркдрлНрк░ркерлА рк╣рк╡рлЗ рк╡рк┐ркжрлНркпрк╛рк░рлНркерлАркУркирлА рк╣рк╛ркЬрк░рлА ркмрк╛ркпрлЛркорлЗркЯрлНрк░рк┐ркХ рккркжрлНркзркдрк┐ркерлА рк▓рлЗрк╡рк╛ркорк╛ркВ ркЖрк╡рк╢рлЗ
 ",positive
"ркЕркоркжрк╛рк╡рк╛ркжркорк╛ркВ рк▓рлЛркХ ркЕркжрк╛рк▓ркдркорк╛ркВ ркорлБркХрк╛ркпрк╛ рк╕ркорк╛ркзрк╛ркиркирк╛ ркХрлЗрк╕; ркЧрлНрк░рк╛ркорлНркп ркХрлЛрк░рлНркЯркорк╛ркВ ркЖрккрк╡рк╛ркорк╛ркВ ркЖрк╡рлНркпрлЛ 1.91 ркХрк░рлЛркбркирлЛ ркЪрлЗркХ
тАж ",positive
"ркнрк╛рк╡ркиркЧрк░ркирк╛ рк╡рк▓ркнрлАрккрлБрк░ ркдрк╛рк▓рлБркХрк╛ркорк╛ркВркерлА ркЭркбрккрк╛ркпрлБркВ ркиркХрк▓рлА ркмрк┐ркпрк╛рк░ркг 
 ",negative
,
,
,
ркз ркХрлЗрк░рк▓рк╛ рк╕рлНркЯрлЛрк░рлА'ркирлА ркЖ рклрк┐рк▓рлНркоркорк╛ркВ рк╣рк┐ркВркжрлБ ркЫрлЛркХрк░рлАркУркирк╛ ркзрк░рлНрко рккрк░рк┐рк╡рк░рлНркдрки ркЕркирлЗ ркдрлЗркоркирлЗ ISIS ркЬрлЗрк╡рк╛ ркЖркдркВркХрк╡рк╛ркжрлА рк╕ркВркЧркаркиркорк╛ркВ ркмрк│ркЬркмрк░рлАркерлА рк╕рк╛ркорлЗрк▓ ркХрк░тАж,negative
"ркЕркорк░рлЗрк▓рлАркорк╛ркВ ркЧрлМ рк╣ркдрлНркпрк╛ркирк╛ ркЧрлБркирк╛ркорк╛ркВ ркЖрк░рлЛрккрлАркирлЗ 10 рк╡рк░рлНрк╖ркирлА рк╕ркЦркд ркХрлЗркжркирлА рк╕ркЬрк╛  

 
тАж ",negative
"рккрлЗркЯркирлА ркЪрк░ркмрлА ркШркЯрк╛ркбрк╡рк╛ ркорк╛ркЯрлЗ рк▓рлЛркХрлЛ ркЕрк╡ркирк╡рлА ркХрк╕рк░ркд ркЕркирлЗ ркирлБрк╕ркЦрк╛ ркЕркЬркорк╛рк╡ркдрк╛ рк╣рлЛркп ркЫрлЗ. ркЖ рк╡рлАркбрк┐ркпрлЛркорк╛ркВ рккркг ркЖрк╡рлБ ркЬ ркХркВркЗркХ ркЫрлЗ.
тАж ",positive
,
"рк▓рлЛрк░рлЗркирлНрк╕ ркмрк┐рк╢рлНркирлЛркИ ркЧрлЗркВркЧркирк╛ ркЫрлЗркбрк╛ рк░рк╛ркЬркХрлЛркЯ рк╕рлБркзрлА, ркмрлЗ ркХрк░рлЛркбркирлА ркЦркВркбркгрлА ркХрлЗрк╕ркорк╛ркВ ркдрлНрк░ркгркирлА ркзрк░рккркХркб ркмрк╛ркж ркорлЛркЯрлЛ ркЦрлБрк▓рк╛рк╕рлЛ 
.
.тАж ",negative
"CBI ркП рккрк╢рлНркЪрк┐рко рк░рлЗрк▓рк╡рлЗркирк╛ ркПркХ рк╕рк┐ркирк┐ркпрк░ ркУрклрк┐рк╕рк░ркирлА рк▓рк╛ркВркЪркирк╛ ркЧрлБркирк╛ рк╣рлЗркарк│ ркзрк░рккркХркб ркХрк░рлА
тАж ",negative
"ркнрк╛рк░ркдрлАркп ркирлМрк╕рлЗркирк╛ркП 2500 ркХрк┐рк▓рлЛркирлБркВ рккркХркбрлНркпрлБркВ ркбрлНрк░ркЧрлНрк╕
тАж ",negative
,
"рк▓рк┐ркирлНркбрк╛ ркпрк╛ркХрк╛рк░рк┐ркирлЛ ркмркирлА ркЯрлНрк╡рк┐ркЯрк░ркирлА ркирк╡рлА CEO, ркПрк▓рлЛрки ркорк╕рлНркХрлЗ ркЯрлНрк╡рк┐ркЯрк░ рккрк░ ркХрк░рлА ркЬрк╛рк╣рлЗрк░рк╛ркдтАж ",positive
"214 ркХрк░рлЛркбркирк╛ ркбрлНрк░ркЧрлНрк╕ркирлЛ ркХрлЗрк╕: рккркХркбрк╛ркпрлЗрк▓ ркирк╛ркЭрлАрк░рк┐ркпрки 12 ркжрк┐рк╡рк╕ркирк╛ рк░рк┐ркорк╛ркирлНркб рккрк░ 
тАж ",negative
Karnataka Election Results 2023 : ркХрлЛркВркЧрлНрк░рлЗрк╕ рк╕рлМркерлА ркорлЛркЯрлА рккрк╛рк░рлНркЯрлА ркдрк░рлАркХрлЗ ркЙркнрк░рлА рк░рк╣рлА рк╣рлЛркп ркдрлЗрк╡рлБркВ рк▓рк╛ркЧрлА рк░рк╣рлНркпрлБркВ ркЫрлЗ. ркХрлЛркВркЧрлНрк░рлЗрк╕ рккрлВрк░рлНркгтАж,positive
West Bengal: ркжрк╛рк░рлВ рккрлАрк╡рк╛ркирлЗ ркХрк╛рк░ркгрлЗ рклрлНрк▓рк╛ркЗркЯ ркЫрлВркЯрлА ркЧркпрк╛ рккркЫрлА рккрлЗрк╕рлЗркирлНркЬрк░рлЗ ркПрк░рккрлЛрк░рлНркЯ ркмрк╛рк░ркорк╛ркВ рк╣ркВркЧрк╛ркорлЛ ркХрк░рлНркпрлЛ; ркЖркЦрк░рлЗ ркзрк░рккркХркб ркеркИтАж,negative
"рк╢рк╣рлЗрк░ркорк╛ркВркерлА рклрк░рк╡рк╛ ркЖрк╡рлЗрк▓рлА ркпрлБрк╡ркдрлАркУркирлЗ ркЖ рк░рлАркдрлЗ рк╣рк╛ркерлАркП ркЬркВркЧрк▓ркирк╛ ркХрк╛ркпркжрк╛ркУркирлБркВ ркнрк╛рки ркХрк░рк╛рк╡рлНркпрлБркВ рк╣ркдрлБркВ.
тАж ",positive
"Karnataka Election Result : рк▓рк┐ркВркЧрк╛ркпркд ркЕркирлЗ рк╡рлЛркХрлНркХрк╛рк▓рк┐ркЧрк╛ рк╕ркорлБркжрк╛ркп ркХрлЛркирлА ркдрк░рклрлЗркгркорк╛ркВ ркЫрлЗ, ркЬрлБркУ рк╡рк▓ркгрлЛркорк╛ркВ ркХрлЛркг ркЖркЧрк│ ркЫрлЗтАж ",positive
UP ркирлА рк░рк╛ркЬркзрк╛ркирлА Lucknow ркирк╛ BBD рккрлЛрк▓рлАрк╕ рк╕рлНркЯрлЗрк╢рки рк╡рк┐рк╕рлНркдрк╛рк░ркорк╛ркВ ркПркХ ркШрк░ркорк╛ркВ E-Rikshaw ркирлА ркмрлЗркЯрк░рлА рклрк╛ркЯркдрк╛ркВ ркПркХ ркорк╣рк┐рк▓рк╛ ркЕркирлЗ ркдрлЗркирк╛ ркорк╛рк╕рлВрко рккрлБтАж,negative
,
"Twitter New CEO: рк▓рк┐ркирлНркбрк╛ ркпрк╛ркХрк╛рк░рк┐ркирлЛ ркЯрлНрк╡рк┐ркЯрк░ркирк╛ ркирк╡рк╛ рк╕рлАркИркУ ркмркирлНркпрк╛, ркПрк▓рлЛрки ркорк╕рлНркХркП ркЬрк╛рк╣рлЗрк░рк╛ркд ркХрк░рлА 
тАж ",positive
,
NCERT ркП ркзрлЛрк░ркг-12ркирк╛ рк░рк╛ркЬркХрлАркп рк╡рк┐ркЬрлНркЮрк╛ркиркирк╛ рккрк╛ркарлНркпрккрлБрк╕рлНркдркХркорк╛ркВркерлА ркорк╣рк╛ркдрлНркорк╛ ркЧрк╛ркВркзрлАркирлБркВ ркЙрк▓рлНрк▓рлЗркЦ ркХрк╛ркврлАркирк╛ркЦрлНркпрлБркВ,negative
"рк╕рлБрккрлНрк░рлАрко ркХрлЛрк░рлНркЯркорк╛ркВ рк╣рк╡рлЗ 24 ркХрк▓рк╛ркХркорк╛ркВ ркХрлЗрк╕ ркжрк╛ркЦрк▓ ркХрк░рлА рк╢ркХрк╛рк╢рлЗ, ркИ-рклрк╛ркИрк▓рк┐ркВркЧ 2.0 рк╕рлЗрк╡рк╛ рк╢рк░рлВ 
тАж ",positive
"Weather Update: ркдрлАрк╡рлНрк░ ркЧрк░ркорлА рк╢рк░рлВ, ркжрк┐рк▓рлНрк╣рлА-NCR рк╕рк╣рк┐ркд ркЖ 5 рк░рк╛ркЬрлНркпрлЛркорк╛ркВ ркЧрк░ркорлАркирлБркВ ркорлЛркЬрлБркВ ркЪрк╛рк▓рлБ рк░рк╣рлЗрк╢рлЗ, ркЪркХрлНрк░рк╡рк╛ркд 'ркорлЛркЪрк╛' ркЙркдрлНркдрк░ рккрлВрк░рлНрк╡тАж ",
"ЁЯФЖрк░рк╛ркЬрлНркпркирлА рккрлНрк░рк╛ркеркорк┐ркХ рк╢рк╛рк│рк╛ркирк╛ рк╢рк┐ркХрлНрк╖ркХ ркорк┐ркдрлНрк░рлЛркирк╛ рк╣рк┐ркд ркорк╛ркЯрлЗ ркорк╣ркдрлНрк╡рккрлВрк░рлНркг ркирк┐рк░рлНркгркп...
тАж ",positive
"""ркЕркЪрлНркЫрлЗ ркЦрк╛рк╕рлЗ ркЖркЭрк╛ркж"" ркерлЗ  ркЧрлБрк▓рк╛рко ркиркмрлА ркХрлЛркВркЧрлНрк░рлЗрк╕ рк╡рк┐рк░рлБркжрлНркз  рк╣рлБркорк▓рлЛркирлЛ ркорлБркЦрлНркп ркХрк╛рк░ркг рк░рк╛рк╣рлБрк▓ ркЧрк╛ркВркзрлА  ",negative
,
,
рк╕рк╡рк╛рк░рлЗ 4 ркерлА 9 рк╡рк╛ркЧрлНркпрк╛ рк╕рлБркзрлА рк╣ркирлБркорк╛рки ркЬркпркВркдрк┐ ркЙркЬрк╡рк╡рк╛ ркорк╛ркЯрлЗ рккрк╛ркВркЪ рк╕рк╛рк░рк╛ рк╕ркоркп ркЫрлЗ. тАж,positive
,
рк╕рлБрк░ркд рккрк╛рк▓ рк╡рк┐рк╕рлНркдрк╛рк░ ркорк╛ркВ ркЖрк╡рлЗрк▓ ркПркХ ркмрк┐рк▓рлНркбрлАркВркЧ ркорк╛ркВ ркЗркирлНркЯрк░ркирлЗркЯ ркирк╛ рк╡рк╛ркпрк░ ркирлЗ ркХрк╛рк░ркгрлЗ рк▓рк╛ркЧрлА ркЖркЧ.тАж,negative
"ркЖрк╡ркдрлА ркХрк╛рк▓рлЗ рк░рк╛ркШрк╡ ркЪркврлНркврк╛-рккрк░рк┐ркгрлАркдрлА ркЪрлЛрккрк░рк╛ркирлА рк╕ркЧрк╛ркИ, ркЬрк╛ркгрлЛ ркЧрлЗрк╕рлНркЯ рк▓рк┐рк╕рлНркЯ
тАж ",positive
"ркмрлЗ ркмрк╣рлЗркирлЛркП ркПркХ рк╡рк░рлНрк╖ркерлА рккрлЛркдрк╛ркирлЗ ркШрк░ркорк╛ркВ ркЧрлЛркВркзрлА рк░рк╛ркЦрлА рк╣ркдрлА, ркХрк╛рк░ркг ркЬрк╛ркгрлАркирлЗ рк░рлБрк╡рк╛ркВркбрк╛ ркЙркнрк╛ ркеркИ ркЬрк╢рлЗ
тАж ",negative
"ркЖрк░рлНркорлА ркЬрк╡рк╛ркирлЗ ркЬрлАрк╡ ркЧрлБркорк╛рк╡рлНркпрлЛ, рккрлЗрк░рк╛рк╢рлВркЯ рклрк╕рк╛ркИ ркЬркдрк╛ 8000 рклрлВркЯ ркКркВркЪрк╛ркИркерлА рккркЯркХрк╛ркпрк╛.
тАж ",negative
"ркпрлЛркЧрлАркП рккрлЛркдрк╛ркирлА ркХрлЗркмрк┐ркирлЗркЯ рк╕рк╛ркерлЗ ""TheKerelaStory"" рк╕рлНрккрлЗрк╢рк┐ркпрк▓ рк╕рлНркХрлНрк░рлАркирк┐ркВркЧ ркпрлЛркЬрк╛ркпрлБркВ
тАж ",positive
"ркХрлЗркжрк╛рк░ркирк╛рке ркзрк╛ркоркирлЛ ркиркпркирк░ркорлНркп ркиркЬрк╛рк░рлЛ
тАж ",positive
"рк╕рлЗрк╡рк╛ркерлА ркХркВркЯрк╛рк│рлЗрк▓рлА рк╡рк╣рлБркП ркХрлБркХрк░ркирк╛ 14 ркШрк╛ ркЬрлАркХрлА рк╕рк╛рк╕рлБркирлЗ рккркдрк╛рк╡рлА ркжрлАркзрлА 
тАж ",negative
"ркмркирк╛рк╕ркХрк╛ркВркарк╛ ркЬрк┐рк▓рлНрк▓рк╛ркирк╛ 270 ркЧрк╛ркорлЛркорк╛ркВ 640 рк▓рк╛ркнрк╛рк░рлНркерлАркУркирлЗ рккрлЛркдрк╛ркирк╛ ркирк╡рлАрки ркЧрлГрк╣ркорк╛ркВ рккрлНрк░рк╡рлЗрк╢ ркХрк░рк╛рк╡рк╛ркпрлЛ

 ",positive
"ркбрлЛрк▓рк░рлАркпрк╛ ркжрлЗрк╢ ркЕркорлЗрк░рк┐ркХрк╛ркорк╛ркВ рк╕рлЗркЯ ркерк╡рк╛ркирк╛ ркЗрк░рк╛ркжрлЗ ркЖрко ркЬрлАрк╡ ркЬрлЛркЦркоркорк╛ркВ ркорлБркХрлАркирлЗ рк▓рлЛркХрлЛ ркШрлВрк╕ркгркЦрлЛрк░рлА ркХрк░рлЗ ркЫрлЗ.
тАж ",negative
IPL 2023: ркЪрк╣рк▓рлЗ ркИркдрк┐рк╣рк╛рк╕ рк╕рк░рлНркЬркдрк╛ ркЖ ркжрк┐ркЧрлНркЧркЬрлЛркП ркПрк╡рлА рк░рлАркдрлЗ ркЕркнрк┐ркиркВркжрки ркЖрккрлНркпрк╛ ркХрлЗ ркдркорлЗ рккркг рк╣рк╕рлАркирлЗ рк▓рлЛркЯрккрлЛркЯ ркеркЗ ркЬрк╢рлЛтАж,positive
,
,
"ркЫркдрлНркдрлАрк╕ркЧрквркорк╛ркВ ркнркдрлНрк░рлАркЬрлАркирк╛ рк▓ркЧрлНркиркорк╛ркВ ркбрк╛ркирлНрк╕ ркХрк░ркдрк╛ркВ ркХрк╛ркХрк╛ркирлБркВ рк╣рк╛рк░рлНркЯркПркЯрлЗркХркерлА ркорлЛркд ркеркдрк╛ркВ рк╣рк░ркЦркирлЛ рккрлНрк░рк╕ркВркЧ рк╢рлЛркХркорк╛ркВ рклрлЗрк░рк╡рк╛ркпрлЛ.
тАж ",negative
"рккркдрк┐ркП рк▓ркЧрлНрки ркХрк░рлНркпрк╛ ркЫрлЗ рккрк░ркВркдрлБ ркдрлЗркирлЗ рк╢рк╛рк░рлАрк░рк┐ркХ рк╕ркВркмркВркз ркмрк╛ркВркзрк╡рк╛ркорк╛ркВ рк░рк╕ ркиркерлА: ркЬрлВркирк╛ркЧркв рккрлЛрк▓рлАрк╕ркорк╛ркВ рклрк░рк┐ркпрк╛ркж

",negative
"ркЖркгркВркж: ркпрлБрк╡ркХркирлЗ рк╣ркдрлНркпрк╛ркирк╛ ркЧрлБркирк╛ркорк╛ркВ ркЖркЬрлАрк╡рки ркХрлЗркжркирлА рк╕ркЬрк╛

",negative
"Mocha'ркирлА ркЧрлБркЬрк░рк╛ркд рккрк░ рккркбрк╢рлЗ рк╡рк┐рккрк░рлАркд ркЕрк╕рк░, ркЧрлБркЬрк░рк╛ркдркорк╛ркВ рк╡рк░рк╕рк╛ркжркирлА ркЖркЧрк╛рк╣рлА

",negative
"ркЧрлБркЬрк░рк╛ркд ATSркирлЗ ркЧрлЗркВркЧрк╕рлНркЯрк░ рк▓рлЛрк░рлЗркирлНрк╕ ркмрк┐рк╢рлНркирлЛркИркирлА ркЕрккрк╛ркИ ркХрк╕рлНркЯркбрлА

",negative
ркЕркорлГркдркХрк╛рк│ркорк╛ркВ ркЬрлНркпрк╛рк░рлЗ ркжрлЗрк╢ рк╡рк┐ркХрк╕рлАркд ркнрк╛рк░ркдркирк╛ рк╕ркВркХрк▓рлНркк рк╕рк╛ркерлЗ ркЖркЧрк│ рк╡ркШрлА рк░рк╣рлНркпрлЛ ркЫрлЗ ркдрлЗркорк╛ркВ рк╢рк┐ркХрлНрк╖ркХрлЛркирлА ркнрлВркорк┐ркХрк╛ ркорк╣ркдрлНрк╡ркирлА ркЫрлЗ - ркирк░рлЗркирлНркжрлНрк░ ркорлЛркжрлАтАж,positive
"ркЕркдрлАркХ ркЕрк╣ркоркжркирк╛ ркорк░рлНркбрк░ркирк╛ ркЖрк░рлЛрккрлАркУркП ркмркирк╛рк╡рлНркпрк╛ рк╣ркдрк╛ ркиркХрк▓рлА ркЖркзрк╛рк░ ркХрк╛рк░рлНркб

",negative
"ркХрлЗрк░рк│ рккрлЛрк▓рлАрк╕ UAPA рк╣рлЗркарк│ ркЖрк░рлЛрккрлА рк╢рк╛рк╣рк░рлВркЦ рк╡рк┐рк░рлБркжрлНркз ркХрк░рк╛рк╡рк╛рк╢рлЗ ркХрк╛рк░рлНркпрк╡рк╛рк╣рлА


",negative
,
,
Gauahar Khan ркЕркирлЗ Zaid Darbar ркорк╛ркдрк╛-рккрк┐ркдрк╛ ркмркирлА ркЧркпрк╛ ркЫрлЗ.ркжркВрккркдрлАркП 10 May ркирк╛ рк░рлЛркЬ ркПркХрк╕рк╛ркерлЗ ркдрлЗркоркирк╛ рккрлНрк░ркерко ркмрк╛рк│ркХркирлБркВ рк╕рлНрк╡рк╛ркЧркд ркХрк░рлНркпрлБркВ.тАж,positive
"рк╡ркбрлЛркжрк░рк╛: MS ркпрлБркирк┐рк╡рк░рлНрк╕рк┐ркЯрлАркорк╛ркВ ркирлЛркХрк░рлА ркХрлМркнрк╛ркВркбркирк╛ ркХрлЗрк╕ркорк╛ркВ ркдрлНрк░ркг ркаркЧ ркнрк░рк╛ркпрк╛
тАж ",negative
PM Modi : рк╡ркбрк╛рккрлНрк░ркзрк╛рки ркирк░рлЗркирлНркжрлНрк░ ркорлЛркжрлА ркЖркЬрлЗ ркЧрлБркЬрк░рк╛ркдркирк╛ ркПркХ ркжрк┐рк╡рк╕рлАркп рккрлНрк░рк╡рк╛рк╕рлЗ ркЖрк╡рлНркпрк╛ ркЫрлЗ. рк╡ркбрк╛рккрлНрк░ркзрк╛ркиркирк╛ рккрлЛркдрк╛ркирк╛ ркЧрлГрк╣ рк░рк╛ркЬрлНркпркорк╛ркВ рк╕рлМркерлА рккрк╣рлЗтАж,positive
"рк╡рк┐рк╢рлНрк╡ ркмркЬрк╛рк░ рккрк╛ркЫрк│ рк╕рлЛркирк╛ркорк╛ркВ рк░рлВ. рллрлкрлоркирлБркВ ркЕркирлЗ ркЪрк╛ркВркжрлАркорк╛ркВ рк░рлВ. рлирлкрлкрлзркирлБркВ ркЧрк╛ркмркбрлБркВ
тАж ",negative
,
"ЁЯФЖркирк┐рк░ркВркдрк░ ркЕркнрлНркпрк╛рк╕ ркЕркирлЗ ркПркХрк╛ркЧрлНрк░ркдрк╛ рк╕рклрк│ркдрк╛ркирлА ркЪрк╛рк╡рлА ркЫрлЗ...
тАж ",positive
"ркорлЛркжрлАркП рк╢рк┐ркХрлНрк╖ркг ркЕркзрк┐рк╡рлЗрк╢рки рк╕ркВркорлЗрк▓ркиркорк╛ркВ рк╕ркВркмрлЛркзрки ркХрк░рлНркпрлБркВ
тАж ",positive
"ркнрк░рлВркЪркорк╛ркВ ркЧркоркЦрлНрк╡рк╛рк░ ркЕркХрк╕рлНркорк╛ркдркорк╛ркВ 2ркирк╛ ркорлЛркд
 ",negative
рк╕рлЛрк╢рк┐ркпрк▓ ркорлАркбрк┐ркпрк╛ рккрлНрк▓рлЗркЯрклрлЛрк░рлНрко ркЯрлНрк╡рк┐ркЯрк░ркирк╛ рк╕рлАркИркУ ркИрк▓рлЛрки ркорк╕рлНркХрлЗ рк░рк╛ркЬрлАркирк╛ркорлБркВ ркЖрккрк╡рк╛ркирлА ркЬрк╛рк╣рлЗрк░рк╛ркд ркХрк░рлА ркЫрлЗ. ркдрлЗркоркгрлЗ ркХрк╣рлНркпрлБркВ ркЫрлЗ ркХрлЗ ркЯрлНрк╡рк┐ркЯрк░ ркорк╛ркЯрлЗ ркитАж,negative
,
,
,
"ркПрк▓рлЛрки ркорк╕рлНркХркирлЗ ркорк│рлНркпрк╛ ркЯрлНрк╡рк┐ркЯрк░ркирк╛ ркирк╡рк╛ рк╕рлАркЗркУ! 6 ркЕркарк╡рк╛ркбрк┐ркпрк╛ рккркЫрлА рк╕ркВркнрк╛рк│рк╢рлЗ CEOркирлБркВ рккркж

",positive
"BCCIркирк╛ ркнрлВркдрккрлВрк░рлНрк╡ рккрлНрк░ркорлБркЦ рк╕рлМрк░рк╡ ркЧрк╛ркВркЧрлБрк▓рлА ркмркирлНркпрк╛ рк░рк╛ркгрк╛ ркЧрлНрк░рлВрккркирк╛ ркирк╡рк╛ ркмрлНрк░рк╛ркирлНркб ркПркорлНркмрлЗрк╕рлЗркбрк░

",positive
,
"RRCркирлА рк╡рк╕рлВрк▓рк╛ркдркирк╛ ркмрк╛ркХрлА рк░рлВрккрк┐ркпрк╛ рк╣рлЛрк╡рк╛ркерлА ркиркбрк┐ркпрк╛ркжркирк╛ ркорк┐рк╢рки рк░рлЛркб рккрк░ ркЖрк╡рлЗрк▓рлА рк╣рлЛрк╕рлНрккрк┐ркЯрк▓ рк╕рлАрк▓
 ",negative
"ркИркЭрк░рк╛ркпрлЗрк▓ркирк╛ рк╣рлБркорк▓рк╛ркорк╛ркВ 25 рккрлЗрк▓рлЗрк╕рлНркЯрк╛ркИркиркирк╛ ркорлЛркд, ркЯрлЛркЪркирлЛ ркЖркВркдркХрлА рккркг ркарк╛рк░


тАж ",negative
"рк╡ркбрлЛркжрк░рк╛ркорк╛ркВ ркзрк╛рк░рк╛рк╕ркнрлНркп ркЪрлИркдркирлНркпрк╕рк┐ркВрк╣ ркЭрк╛рк▓рк╛ркирк╛ ркнрк╛ркИркирлЗ рккрлЛрк▓рлАрк╕ рк░рлЗркирлНркЬркорк╛ркВ рклрк╛ркпрк░рк┐ркВркЧркирлА рккрлНрк░рлЗркХрлНркЯрк┐рк╕ ркХрк░рк╛рк╡ркдрк╛ рк╡рк┐рк╡рк╛ркж
 ",negative
ркЖркИркбрк┐ркпрк╛рклрлЛрк░рлНркЬ ркПркХрлНрк╕рккрлЛркирлЗркирлНрк╢рк┐ркпрк▓рлЗ 2023 ркЦрк╛ркдрлЗ рк▓рлЛркВркЪ ркХрк░рлНркпрлБркВ ркЕрккркЧрлНрк░рлЗркбрлЗркб ркирлЗркдрлНрк░рк╛ V4 рккрлНрк░рлЛтАж,positive
"рккрк╛ркЯркгркирк╛ ркорлБркЦрлНркп ркмркЬрк╛рк░ркорк╛ркВ ркжркмрк╛ркгрлЛ ркжрлВрк░ ркХрк░рк╡рк╛ркирлА ркХрк╛ркоркЧрлАрк░рлА рк╢рк░рлВ 
 ",positive
"ркЧрквркбрк╛: GRD ркЬрк╡рк╛ркиркирлБркВ рк╣рк╛рк░рлНркЯркПркЯрлЗркХркерлА ркорлЛркд

45 рк╡рк░рлНрк╖рлАркп GRD ркЬрк╡рк╛ркиркирлБркВ рк╣рк╛рк░рлНркЯркПркЯрлЗркХркерлА ркорлЛркд

ркЧрлЛрк░ркбркХрк╛ ркмрк╕ рк╕рлНркЯрлЗркирлНркб ркиркЬрлАркХ ркЖрк╡рлНркпрлЛ рк╣рк╛рк░рлНркЯркПркЯрлЗркХ",negative
"ркЕрк░рк╡рк▓рлНрк▓рлАркирлА ркмрк╛ркпркб ркорк╛рк░рлНркХрлЗркЯ ркпрк╛рк░рлНркбркирк╛ ркЪрлЗрк░ркорлЗрки, рк╡рк╛ркИрк╕ ркЪрлЗрк░ркорлЗркиркирлА ркирк┐ркоркгрлВркХ
 ",positive
"рк╕рлБрк░ркдркирлЛ ркЬрк╛ркЧрлГркд ркирк╛ркЧрк░рк┐ркХ:  ркУрки ркбрлНркпрлБркЯрлА ркЯрлНрк░рк╛рклрк┐ркХ рккрлЛрк▓рлАрк╕ркирлЗ ркирк┐ркпрко ркдрлЛркбрк╡рк╛ ркмркжрк▓ ркХрк░рк╛рк╡рлНркпрлБркВ ркХрк╛ркпркжрк╛ркирлБркВ ркнрк╛рки,500 рк░рлВрккрк┐ркпрк╛ркирлЛ┬аркжркВркб┬аркнрк░рк╛рк╡рлНркпрлЛ.тАж ",negative
"ркЕркорлЗрк░рк┐ркХрк╛ркорк╛ркВ рк░рк╣рлЗркдрк╛ ркнрк╛рк░ркдрлАркпрлЛ ркорк╛ркЯрлЗ рк░рк╛рк╣ркдркирк╛ рк╕ркорк╛ркЪрк╛рк░ рк╕рк╛ркорлЗ ркЖрк╡рлНркпрк╛
ркЕркорлЗрк░рк┐ркХрки ркирк╛ркЧрк░рк┐ркХркдрк╛ ркорлЗрк│рк╡рк╡рк╛ркирлБркВ рк╕рккркирлБркВ рккрлВрк░рлБркВ ркерк╢рлЗ
1.1 ркХрк░рлЛркб ркЗркорк┐ркЧрлНрк░тАж ",positive
,
"ркПркХ рк╕ркоркпрлЗ рккрк╛ркгрлАрккрлБрк░рлА рк╡рлЗркЪркирк╛рк░ ркЫрлЛркХрк░рк╛ ркП ркЖркЬрлЗ IPLркирлА рклрк╛рк╕рлНркЯрлЗрк╕рлНркЯ рклрк┐рклрлНркЯрлА рклркЯркХрк╛рк░рлА
тАж ",positive
"рк╕рлНркХрлВрк▓ркорк╛ркВ 4 рк╡рк░рлНрк╖ркирлА ркмрк╛рк│ркХрлАркирлА ркЫрлЗркбркдрлА, рккрлЛрк▓рлАрк╕ ркдрккрк╛рк╕ркорк╛ркВ рк▓рк╛ркЧрлА 

 ",negative
,
"рк╕рлБрк░ркдркорк╛ркВ ркнркВркЧрк╛рк░ркирк╛ ркЧрлЛркбрк╛ркЙркиркорк╛ркВ ркнрлАрк╖ркг ркЖркЧ, 4 рклрк╛ркпрк░ рклрк╛ркпркЯрк░ркирлА ркЧрк╛ркбрлАркУ ркШркЯркирк╛ рк╕рлНркерк│рлЗ
 ",negative
"ркЪркХрлНрк░рк╡рк╛ркд ркПрк▓рк░рлНркЯ: 175 ркХрк┐ркорлА рккрлНрк░ркдрк┐ ркХрк▓рк╛ркХркирлА ркЭркбрккрлЗ рккрк╡рки рклрлВркВркХрк╛рк╢рлЗ, 6 ркХрк▓рк╛ркХркорк╛ркВ ркорлЛркЪрк╛ ркмркирлА ркЬрк╢рлЗ ркЦркдрк░ркирк╛ркХ!  ",negative
"ркжрк╛рк╣рлЛркжркорк╛ркВ рк╕ркдркд ркмрлАркЬрк╛ ркжрк┐рк╡рк╕рлЗ ркбрк┐ркорлЛрк▓рк┐рк╢ркиркирлА ркХрк╛ркоркЧрлАрк░рлА ркпркерк╛рк╡ркд 
 ",negative
"ркХркорлЛрк╕ркорлА рк╡рк░рк╕рк╛ркжркирлЗ ркХрк╛рк░ркгрлЗ 62 ркХрк░рлЛркбркирлБркВ ркирлБркХрк╕рк╛рки, ркмркоркгрлА рк░ркХркоркирк╛ рккрлЗркХрлЗркЬркирлА рк╕рк░ркХрк╛рк░ркирлА рк╡рк┐ркЪрк╛рк░ркгрк╛  ЁЯСЙЁЯП╜ЁЯСЙЁЯП╜ 
тАж ",negative
"19.58 ркХрк░рлЛркбркирк╛ ркЦрк░рлНркЪрлЗ ркЦрк░рлАркжрк╛рк╢рлЗ рк░рлЛркб рк╕рлНрк╡рлАрккрк░ ркорк╢рлАрки

14 рк░рлЛркб рк╕рлНрк╡рлАрккрк░ ркорлАрк╢рки ркЦрк░рлАркжрк╡рк╛ ркорк╛ркЯрлЗ рк╕рлНркерк╛ркпрлА рк╕ркорк┐ркдрк┐ркП ркоркВркЬрлВрк░рлА ркЖрккрлА

ркорлБркЦрлНркп ркдрлЗркоркЬ ркЕтАж ",positive
"рк╕рлБрк░ркд ркоркирккрк╛ ркЦрк░рлАркжрк╢рлЗ 14 ркорк┐ркХрлЗркирк╛ркИркЭ рк░рлЛркб рк╕рлНрк╡рлАрккрк░ ркорк╢рлАрки

ркжрлЗрк╢ркирк╛ 102 рк╢рк╣рлЗрк░ркорк╛ркВ рк╣рк╡рк╛ рк╕рлНрк╡ркЪрлНркЫ ркиркерлА

рк╕рлНрк╡ркЪрлНркЫ рк╣рк╡рк╛ рки рк╣рлЛрк╡рк╛ркорк╛ркВ рк╕рлБрк░ркдркирлЛ рккркг рк╕ркорк╛тАж ",negative
,
,
"ркдрк╛ркдрлНркХрк╛рк▓рк┐ркХ ркЪрлВркВркЯркгрлА ркпрлЛркЬрк╡рк╛ркирлА ркорк╛ркЧ рк╕рк╛ркерлЗ рк╕рлБрк░ркдркорк╛ркВ рклрлЛрк╕рлНркЯрк╛ркирлА ркУрклрк┐рк╕ркорк╛ркВ ркХрк░рк╛ркИ ркдрк╛рк│рк╛ркмркВркзрлА
 ",negative
,
,
"рк╢рк┐ркХрлНрк╖ркХрлЛркирк╛ рк╣ркХрлНркХркорк╛ркВ рк╕рк░ркХрк╛рк░ркирлЛ ркирк┐рк░рлНркгркп

рк╢рк╛рк│рк╛ркУ рк╢рк░рлВ ркерк╛ркп ркдрлЗ рккрк╣рлЗрк▓рк╛ ркмркжрк▓рлА ркХрлЗркорлНркк рк╢рк░рлВ ркХрк░рк╛рк╢рлЗ

ркЕркЧрк╛ркЙ рк╢рк┐ркХрлНрк╖ркХрлЛркирлЛ ркмркжрк▓рлА ркХрлЗркорлНркк ркорлЛркХрлВркл рк░ркЦрк╛тАж ",positive
"ркЕркорк┐ркд рк╢рк╛рк╣ рк╕рк╛рк░ркВркЧрккрлБрк░ркорк╛ркВ 54 рклрлВркЯ ркКркВркЪрлБркВ рк╣ркирлБркорк╛рки ркоркВркжрк┐рк░ркирк╛ ркЖркЬрлЗ ркЙркжрлНркШрк╛ркЯрки ркХрк░рк╢рлЗ. 
тАж ",positive
"ЁЯФЖркЪрк╛рк▓рлЛ рк╕рлМ рк╕рк╛ркерлЗ ркорк│рлАркирлЗ ркЧрк░ркорлА рк╕рк╛ркорлЗ рк▓ркбрлАркП...
тАж ",positive
"рк╡ркбрлЛркжрк░рк╛ркирлА MS ркпрлБркирк┐рк╡рк░рлНрк╕рк┐ркЯрлАркорк╛ркВ ркирлЛркХрк░рлА ркЖрккрк╡рк╛ркирк╛ рк▓рк╛рк▓ркЪрлЗ 1.67 ркХрк░рлЛркбркирлА ркЫрлЗркдрк░рккрк┐ркВркбрлА 
 ",negative
рк░рк╛рк╖рлНркЯрлНрк░рлАркп ркорк╛ркирк╡ ркЕркзрк┐ркХрк╛рк░ рккркВркЪ (NHRC) ркП ркЧрлБрк░рлБрк╡рк╛рк░рлЗ ркнрлВрк▓ ркХрк░ркирк╛рк░ рк░ркоркд рк╕ркВрк╕рлНркерк╛ркУ ркЕркирлЗ ркпрлБрк╡рк╛ ркмрк╛ркмркдрлЛ ркЕркирлЗ рк░ркоркдркЧркоркд ркоркВркдрлНрк░рк╛рк▓ркпркирлЗ ркирлЛркЯрк┐рк╕ рклркЯркХрк╛рк░рлА,negative
Ahmedabad Building Collapse : ркЕркоркжрк╛рк╡рк╛ркжркирк╛ рк╡рлЗркЬрк▓рккрлБрк░ рк╡рк┐рк╕рлНркдрк╛рк░ркорк╛ркВ ркЧрлБрк░рлБрк╡рк╛рк░ркирлА рк░рк╛ркдрлНрк░рлЗ ркПркХ ркдрлНрк░ркг ркорк╛рк│ркирлА ркмрк┐рк▓рлНркбрк┐ркВркЧ ркзрк░рк╛рк╢рк╛ркпрлА ркЧркЗ ркЫрлЗтАж,negative
"ркЬрлБркирк┐ркпрк░ ркХрлНрк▓рк╛рк░рлНркХркирк╛ рк╡рк┐ркзрк╛рк░рлНркерлАркУ рккрк░рлАркХрлНрк╖рк╛ркорк╛ркВ ркЧрлЗрк░рк░рлАркдрк┐ ркХрк░рк╢рлЗ ркдрлЛ ркерк╢рлЗ  3ркерлА 10 рк╡рк░рлНрк╖ркирлА ркЬрлЗрк▓  
тАж ",negative
,
#CNBCBajar | US ркорк╛рк░рлНркХрлЗркЯркорк╛ркВ ркЧрлНрк░рлЛркеркирлЗ рк▓ркЗркирлЗ ркЪрк┐ркВркдрк╛ ркпркерк╛рк╡ркд | ркЗркирлНркЯрк░ркирлЗрк╢ркирк▓ ркорк╛рк░рлНркХрлЗркЯркорк╛ркВ рк╡ркзрлНркпрлБ ркХрлЛрккрк░ рккрк░ ркжркмрк╛ркг  тАж,negative
"ркнрк╛рк╡ркиркЧрк░ркирк╛ ркЪрк┐ркдрлНрк░рк╛ рк╡рк┐рк╕рлНркдрк╛рк░ркорк╛ркВ рккрк╛ркгрлА рккрлВрк░рлБркВ рккрк╛ркбркдрлЛ рклрк┐рк▓рлНркЯрк░ рккрлНрк▓рк╛ркирлНркЯркирлА ркЫркдркирлБркВ рк╕ркорк╛рк░ркХрк╛рко ркХрк░рк╡рк╛ рк╕рлНркерк╛ркирк┐ркХрлЛркирлА ркорк╛ркЧ 
тАж ",negative
"рккрлНрк░ркзрк╛ркиркоркВркдрлНрк░рлА ркирк░рлЗркирлНркжрлНрк░ ркорлЛркжрлА ркЖркЬрлЗ ркЧрлБркЬрк░рк╛ркдркирк╛ рккрлНрк░рк╡рк╛рк╕рлЗ; рк╕рк╡рк╛рк░рлЗ 10 рк╡рк╛ркЧрлНркпрлЗ ркЕркоркжрк╛рк╡рк╛ркж ркПрк░рккрлЛрк░рлНркЯ рккрк░ рккрлАркПркоркирлБркВ ркерк╢рлЗ ркЖркЧркорки 
тАж ",positive
,
"ркорлЛрк░ркмрлА: ркЬркорлАркиркорк╛ркВркерлА рк▓рк╛рк╡рк╛ ркирк┐ркХрк│рлНркпрлЛ

рк╡рк╛ркВркХрк╛ркирлЗрк░ркирк╛ ркЧрк╛рк░рлАркбрк╛ ркЧрк╛ркорлЗ ркЬркорлАркиркорк╛ркВркерлА рк▓рк╛рк╡рк╛ ркирк┐ркХрк│рлНркпрлЛ

ркЦркирлАркЬ рк╡рк┐ркнрк╛ркЧ рк╕рк╣рк┐ркдркирлА ркЯрлАркорлЛркП рк╣рк╛рке ркзрк░рлА ркдрккрк╛рк╕тАж ",positive
,
"#CNBCBajar | ркЧрлНрк▓рлЛркмрк▓ ркорк╛рк░рлНркХрлЗркЯркирк╛ ркорк┐рк╢рлНрк░ рк╕ркВркХрлЗркд,  рккрк╛ ркЯркХрк╛ ркирлАркЪрлЗ ",negative
"ркЬрлЗрк╡рк╛ ркЫрлЛ ркдрлЗрк╡рк╛ ркЬ рк░рк╣рлЛ, ркХрлЗрко ркХрлЗ ркУрк░рлАркЬркирк▓ркирлА ркХрк┐ркВркоркд ркЭрлЗрк░рлЛркХрлНрк╖ ркХрк░ркдрк╛ рк╡ркзрлБ рк╣рлЛркп ркЫрлЗ.
тАж ",positive
"ркЕркоркжрк╛рк╡рк╛ркжркирк╛ рк╡рлЗркЬрк▓рккрлБрк░ркорк╛ркВ ркдрлНрк░ркг ркорк╛рк│ркирлА ркмрк┐рк▓рлНркбрк┐ркВркЧ ркзрк░рк╛рк╢рк╛ркпрлА, ркЪрк╛рк░ рк▓рлЛркХрлЛ ркжркЯрк╛ркпрк╛, рк░рлЗрк╕рлНркХрлНркпрлБ ркУрккрк░рлЗрк╢рки рк╣рк╛рке ркзрк░рк╛ркпрлБркВ
тАж ",negative
,
"рк╕рк╛рк╡ркзрк╛рки!! OLX рккрк░ ркЦрк░рлАркжрлА ркХрк░рк╡рлА рккркбрлА ркнрк╛рк░рлЗ , 20,000 рк░рлВрккрк┐ркпрк╛ркирк╛ ркПркХрлНркЯрк┐рк╡рк╛ ркорк╛ркЯрлЗ 4 рк▓рк╛ркЦркирлА ркаркЧрлА


тАж ",negative
"Ahmedabad : рк╡рк┐ркХрк╛рк╕ ркПрк╕рлНркЯрлЗркЯркорк╛ркВ рк▓рк╛ркЧрлЗрк▓рлА ркЖркЧркорк╛ркВ ркеркпрк╛ ркЪрлЛркВркХрк╛рк╡ркирк╛рк░рк╛ ркЦрлБрк▓рк╛рк╕рк╛, 179ркорк╛ркВркерлА ркорлЛркЯрк╛ркнрк╛ркЧркирк╛ рк╢рлЗркб ркЧрлЗрк░ркХрк╛ркпркжрлЗтАж ",negative
"ркдрк╛рк░ркХ ркорк╣рлЗркдрк╛ ркХрк╛ ркЙрк▓рлНркЯрк╛ ркЪрк╢рлНркорк╛ркГ ркЬрлЗркирк┐рклрк░ ркорк┐рк╕рлНркдрлНрк░рлАркирк╛ ркЖрк░рлЛркк рккрк░ ркЕрк╕рк┐ркд ркорлЛркжрлАркП ркХрк╣рлНркпрлБркВ, 'ркдрлЗ рк╕рлЗркЯ рккрк░ ркжрлБрк░рлНрк╡рлНркпрк╡рк╣рк╛рк░ ркХрк░ркдрлА рк╣ркдрлА, ркХрк╛ркпркжрк╛ркХрлАркптАж ",negative
"рк╕рлМрк░рк╛рк╖рлНркЯрлНрк░ ркЕркирлЗ ркХркЪрлНркЫркорк╛ркВ рк╡рлАркЬркЪрлЛрк░рлЛ ркмркирлНркпрк╛ ркмрлЗрклрк╛рко; ркорк╛ркдрлНрк░ ркПркХ ркЬ ркЕркарк╡рк╛ркбрк┐ркпрк╛ркорк╛ркВ ркЭркбрккрк╛ркИ 6 ркХрк░рлЛркбркирлА рк╡рлАркЬркЪрлЛрк░рлА 
 ",negative
,
"2023 IPL ркХрлНрк░рк┐ркХрлЗркЯ рк╕ркЯрлНркЯрк╛ркмрк╛ркЬрлАркирк╛ рк░рлЗркХрлЗркЯркирлЛ рккрк░рлНркжрк╛рклрк╛рк╢ ркХрк░ркдрлА рккрлЛрк▓рлАрк╕, 8 ркмрлБркХрлАркУркирлА ркзрк░рккркХркб 
тАж ",negative
"ркжрлАрккрк┐ркХрк╛ рккрк╛ркжрлБркХрлЛркгрлЗ ркЖрккрлА рк╕рлБркЦрлА ркорлЗрк░рлЗркЬ ркЬрлАрк╡рки ркорк╛ркЯрлЗ ркПркбрк╡рк╛ркИрк╕
",positive
"рклрк┐ркирк▓рлЗркирлНркбркирк╛ рк╡ркбрк╛ рккрлНрк░ркзрк╛рки рк╕ркирлНркирк╛ ркорк╛рк░рк┐ркирлЗ рккркдрк┐ ркорк╛рк░рлНркХрк╕ рк░рк╛ркпркХрлЛркирлЗрки рк╕рк╛ркерлЗ рк╕ркВркпрлБркХрлНркд рк░рлАркдрлЗ ркЫрлВркЯрк╛ркЫрлЗркбрк╛ ркорк╛ркЯрлЗ ркХрк░рлА ркЕрк░ркЬрлА

",negative
"рк░рк╢рк┐ркпрк╛ рк╕рк╛ркерлЗ ркпрлБркжрлНркз ркмрк╛ркж ркмрк░ркмрк╛ркж ркеркпрлБркВ ркпрлБркХрлНрк░рлЗрки

",negative
"ркЕркоркжрк╛рк╡рк╛ркж: рк╡рк┐рк╢рлНрк╡ркирлА ркорк┐рк╕ рккрлНрк░рк┐ркирлНрк╕рлЗрк╕ ркмркирк╡рк╛ркирлБркВ ркЪркХрлНркХрк░ ркорк╛ркВ ркпрлБрк╡ркдрлА рк╕рк╛ркерлЗ 1.92 рк▓рк╛ркЦркирлА ркаркЧрк╛ркИ

 ",negative
"рк╕рк╛рк╡ркзрк╛рки!! OLX рккрк░ ркЦрк░рлАркжрлА ркХрк░рк╡рлА рккркбрлА ркнрк╛рк░рлЗ , 20,000 рк░рлВрккрк┐ркпрк╛ркирк╛ ркПркХрлНркЯрк┐рк╡рк╛ ркорк╛ркЯрлЗ 4 рк▓рк╛ркЦркирлА ркаркЧрлА

",negative
,
,
"ркзрк╛ркирлЗрк░рк╛ркерлА ркЕрккркХрлНрк╖ ркдрк░рлАркХрлЗ ркЬрлАркдрлЗрк▓рк╛ ркорк╛рк╡ркЬрлА ркжрлЗрк╕рк╛ркИркП ркХрлЗрк╕рк░рлАркпрк╛ ркзрк╛рк░ркг ркХрк░рлА ркнрк╛ркЬрккркирлА ркмрлЗркаркХркорк╛ркВ ркЬрлЛркбрк╛ркпрк╛

",positive
,
"Suryakumar YadavркирлЛ IPL 2023ркорк╛ркВ ркжркмркжркмрлЛ : ркПркХ ркЬ ркорлЗркЪркорк╛ркВ ркПркХрк╕рк╛ркерлЗ ркмркирк╛рк╡рлНркпрк╛ 3 рк░рлЗркХрлЛрк░рлНркб
",positive
,
"рккрлНрк░ркзрк╛ркиркоркВркдрлНрк░рлА ркорлЛркжрлА рк╕рк╛ркерлЗ ркЕркВркЬрлБркмрлЗрки ркЖрк╣рлАрк░ ркЯрлБ-рк╡рлЗ ркХркирлЗркХрлНркЯрлАрк╡рлАркЯрлА рк╕рк╛ркерлЗ ркЬрлЛркбрк╛ркЗ рк╕ркВрк╡рк╛ркж ркХрк░рк╢рлЗ

",negative
,
"17 рк╡рк░рлНрк╖ рккрк╣рлЗрк▓рк╛ ркЬрлВркирк╛ркЧркв ркЬрлЗрк▓ркорк╛ркВркерлА ркирк╛рк╕рлА ркЫрлВркЯрлЗрк▓рк╛ ркХрлЗркжрлА ркжрк┐рк▓рлНрк╣рлАркерлА ркХрлЗрк╡рлА рк░рлАркдрлЗ рккркХркбрк╛ркпрк╛

",negative
"рк▓ркЧрлНркиркорк╛ркВ рк╡рлАркбрк┐ркпрлЛ рк▓рлЗрк╡рк╛ркирк╛ ркЪркХрлНркХрк░ркорк╛ркВ ркХркирлНркпрк╛ рккрлЛркдрлЗ ркдрлЛ рккркбрлА рк╡рк░рк░рк╛ркЬрк╛ркирлЗ рккркг рк▓рлЗркдрлА ркЧркЗ!
тАж ",negative
,
"ркЫрлЗрк╡ркЯрлЗ рккрк╛ркарлНркпрккрлБрк╕рлНркдркХ ркоркВркбрк│ркирк╛ ркХркерк┐ркд ркХрк╛ркЧрк│ ркХрлМркнрк╛ркВркбркирлА ркдрккрк╛рк╕ рк╡рк┐ркЬрк┐рк▓ркирлНрк╕ркирлЗ рк╕рлЛркВрккрк╛ркЗ
тАж ",positive
"рк╕рлБрк░ркдркорк╛ркВ ркмркирк╢рлЗ ркПрк╢рк┐ркпрк╛ркирлЛ рк╕рлМркерлА ркорлЛркЯрлЛ рккрк╛рк░рлНркХ, 9 ркХрк┐рк▓рлЛркорлАркЯрк░ркирлЛ рк╡рлЛркХрк┐ркВркЧ ркЯрлНрк░рлЗркХ, 6 рк▓рк╛ркЦ рк░рлЛрккрк╛ рк╡рк╛рк╡рк╡рк╛ркорк╛ркВ ркЖрк╡рк╢рлЗ
тАж ",positive
,
"ркИркЯрк╛рк▓рлАркирк╛ ркорк┐рк▓рк╛рки рк╢рк╣рлЗрк░ркорк╛ркВ ркорлЛркЯрлЛ рк╡рк┐рк╕рлНрклрлЛркЯ, 4ркирк╛ ркорлЛркд, рк░рк╕рлНркдрк╛ рккрк░ ркЕркирлЗркХ рк╡рк╛рк╣ркирлЛ рк╕рк│ркЧрлА ркЧркпрк╛ 
тАж ",negative
"Starbucks India ркП рк░рлЗрк╕рк┐рк╕рлНркЯ ркЬрк╛рк╣рлЗрк░рк╛ркд ркмркирк╛рк╡ркдрк╛ ркЯрлНрк╡рк┐ркЯрк░ рккрк░ рк╡рк┐рк░рлЛркз ркеркпрлЛ
тАж ",negative
,
"рккрк╛ркХрк┐рк╕рлНркдрк╛ркиркорк╛ркВ рк▓рлЛркХрлЛркП ркорк╛ркирк╡ркдрк╛ ркирлЗрк╡рлЗ ркорлБркХрлА, ркХрлЗрк│рк╛ рк╡рлЗркЪркдрк╛ ркЫрлЛркХрк░рк╛ркирлЗ рккркг ркЖ рк░рлАркдрлЗ рк▓рлВркВркЯрлА рк▓рлАркзрлЛ!
тАж ",negative
,
"рк╕рлБрккрлНрк░рлАрко ркХрлЛрк░рлНркЯрлЗ ркИркорк░рк╛рки ркЦрк╛ркиркирлА ркзрк░рккркХркб рккрк░ рк╕рк╡рк╛рк▓ ркЙркарк╛рк╡рлНркпрк╛, ркПркХ ркХрк▓рк╛ркХркорк╛ркВ рк░ркЬрлВ ркХрк░рк╡рк╛ркирлЛ ркЖрккрлНркпрлЛ ркЖркжрлЗрк╢
тАж ",negative
,
"рк╡рк┐рк╢рлНрк╡ркорк╛ркВ рк╣рк░рк╡рк╛ рклрк░рк╡рк╛ркирк╛ ркорк╛ркорк▓рлЗ ркЪрлАркиркирк╛ рк▓рлЛркХрлЛ ркЕрк╡рлНтАНрк╡рк▓, ркнрк╛рк░ркд ркЯрлЛркк 10 ркорк╛ркВ рккркг ркирк╣рлАркВ
тАж ",negative
,
,
"ркИркЯрк╛рк▓рлАркирк╛ рклрлЗрк╢рки рк╕рк┐ркЯрлА ркорк┐рк▓рк╛ркиркорк╛ркВ ркорлЛркЯрк░ркХрк╛рк░ркорк╛ркВ ркзркбрк╛ркХрк╛ рк╕рк╛ркерлЗ ркЖркЧ рклрк╛ркЯрлА ркирлАркХрк│рлА, ркЕркирлНркп рккрк╛ркВркЪ рк╡рк╛рк╣ркирлЛ ркЕркирлЗ ркХрлЗркЯрк▓рк╛ркХ ркжрлНрк╡рк┐ркЪркХрлНрк░рлА рк╡рк╛рк╣рки рккркг рк▓рккрлЗркЯтАж ",negative
"ркжрк╛рк╣рлЛркж рк╢рк╣рлЗрк░ркорк╛ркВ рклрк░рлА рк╢рк░рлВ ркеркпрлБркВ ркорлЗркЧрк╛ ркбрк┐ркорлЛрк▓рк┐рк╢рки 
 ",positive
,
"рк▓ркЧрлНркирккрлНрк░рк╕ркВркЧ ркорк╛ркдркоркорк╛ркВ рклрлЗрк░рк╡рк╛ркпрлЛ! рк▓ркЧрлНркиркорк╛ркВ ркирк╛ркЪркдрк╛ркВ-ркирк╛ркЪркдрк╛ркВ ркХрк╛ркХрк╛ркирлБркВ рк╣рк╛рк░рлНркЯ ркПркЯрлЗркХркерлА ркорлЛркд
тАж ",negative
,
"рккрк╛ркХрк┐рк╕рлНркдрк╛ркиркирк╛ ркзрк░рккркХркб рк╡ркЪрлНркЪрлЗ ркЗркорк░рк╛рки ркЦрк╛ркиркирлЛ ркУркбрк┐ркпрлЛ рк╡рк╛ркпрк░рк▓
тАж ",negative
"рк╕рлБрк░ркдркирк╛ рккрк╛ркВркбрлЗрк╕рк░рк╛ркорк╛ркВ рк╡ркзрлБ ркПркХ ркмрк╛рк│ркХрлА ркЕркдрлНркпрк╛ркЪрк╛рк░ркирлЛ ркнрлЛркЧ ркмркиркдрк╛ ркмркЪрлА! ркирк░рк╛ркзркоркирлА ркзрк░рккркХркб
 ",negative
"ркбркорлА ркХрк╛ркВркбркорк╛ркВ рк╡ркзрлБ 2 ркЖрк░рлЛрккрлАркУркирлЗ SITркП ркЭркбрккрлНркпрк╛, рк╣ркЬрлБ ркЖркЯрк▓рк╛ рккрлЛрк▓рлАрк╕ рккркХркбркерлА ркжрлВрк░ !


тАж ",negative
"ркдрк╛рк░ркХ ркорлЗрк╣ркдрк╛ркирк╛ ркЖрк╕рк┐ркд ркорлЛркжрлА рккрк░ ркЬрк╛ркдрлАркп рк╕ркдрк╛ркоркгрлАркирлЛ ркЖрк░рлЛркк
тАж ",negative
,
"ркорлЗркЯрлНрк░рлЛркирк╛ рккрк┐рк▓рк░ркирк╛ рк░ркВркЧркирк╛ ркЦрк░рлНркЪ ркЕркВркЧрлЗ рк╡рк┐рк╡рк╛ркж !  ркорлЗркЯрлНрк░рлЛркирк╛ рккрк┐рк▓рк░ркирк╛ рк░ркВркЧркХрк╛ркоркирлЛ 10 рк▓рк╛ркЦркирлЛ ркЦрк░рлНркЪ AMCркП ркЙрккрк╛ркбрлНркпрлЛ 
тАж ",negative
,
,
,
"ркорк╛ркгрк╕рк╛ркорк╛ркВ ркнрлБрк╡рк╛ рк╡рк┐рк░рлБркжрлНркз рклрк░рк┐ркпрк╛ркж рк▓ркЦрк╛рк╡ркирк╛рк░ рклрк░рк┐ркпрк╛ркжрлА ркЧрк╛ркпркм
 ",negative
,
,
,
"рк░рк╛ркЬркХрлЛркЯркирлА рк╕ркирк░рк╛ркИркЭ рк╕рлНркХрлВрк▓ркирк╛ рк╕ркВркЪрк╛рк▓ркХрлЛркирлБркВ ркорлЛркЯрлБркВ ркХрк╛рк░рк╕рлНркдрк╛рки ! рккркдрк░рк╛рк╡рк╛рк│рлА рк╕рлНркХрлВрк▓ ркмркирк╛рк╡рлАркирлЗ RTEркирк╛ рк╡рк┐ркжрлНркпрк╛рк░рлНркерлАркирлЗ ркЕрккрк╛ркпрлЛ рккрлНрк░рк╡рлЗрк╢
тАж ",negative
,
,
"рк╕рлБрк░ркдркорк╛ркВ рк╣рк╛ркЙрк╕рк┐ркВркЧ рк╕рлЛрк╕рк╛ркпркЯрлАркирлА ркЬркорлАрки рккрк░ ркЪрк╛рк▓ркдрлА рк╣рлЛрк╕рлНрккрк┐ркЯрк▓ рк╕рк╛ркорлЗ ркЕрк░ркЬрлА, рк╣рк╛ркИркХрлЛрк░рлНркЯрлЗ рк╕рк░ркХрк╛рк░ркирлЗ ркирлЛркЯрк┐рк╕ рккрк╛ркарк╡рлА

",negative
"рк╡ркбрлЛркжрк░рк╛ркорк╛ркВ рккрк╛рк▓рк┐ркХрк╛ркирлА ркЧрлНрк░рлАркиркмрлЗрк▓рлНркЯркирлА ркЬркЧрлНркпрк╛ рккрк░ ркмрк┐рк▓рлНркбрк░рлЗ рклрк░рлА рк╢рк░рлВ ркХрк░рлНркпрлБркВ ркмрк╛ркВркзркХрк╛рко
 ",positive
"рк╡ркбрлЛркжрк░рк╛ркорк╛ркВ ркпрлБрк╡ркХрлЗ рккрлЗркЯрлНрк░рлЛрк▓ рккркВркк рккрк░ ркоркЪрк╛рк╡рлА ркзркорк╛рк▓ ! ркиркЧрлНрки ркеркИ ркХрк░рлНркпрлЛ рккрлЗркЯрлНрк░рлЛрк▓ркирлЛ ркЫркВркЯркХрк╛рк╡, рккрлИрк╕рк╛ ркХрк╛ркврлА рк╣рк╡рк╛ркорк╛ркВ ркЙркЫрк╛рк│рлНркпрк╛",negative
,
,
"рлйрлз рк▓рк╛ркЦ рк░рлВрккрк┐ркпрк╛ рккркбрк╛рк╡рк╡рк╛ ркорк╛ркорк▓рлЗ ркЕркирлЛркбрк┐ркпрк╛ркирк╛ ркдрлНрк░ркг ркнрлВрк╡рк╛ркУркирлА рккрлЛрк▓рлАрк╕рлЗ ркХрк░рлА ркЕркЯркХрк╛ркпркд
 ",negative
,
"рк╣ркирлБркорк╛рки ркЬркпркВркдрк┐ рккрк░, ркжрлЗрк╡ркжркдрлНркд ркирк╛ркЧрлЗ ркЖркжрк┐рккрлБрк░рлБрк╖ ркорк╛ркЯрлЗ ркПркХ ркирк╡рлБркВ ркХрлЗрк░рлЗркХрлНркЯрк░ рк░рк┐рк▓рлАркЭ ркХрк░рлНркпрлБркВ 
тАж ",positive
"рк╕рлМрк░рк╛рк╖рлНркЯрлНрк░ ркпрлБркирк┐рк╡рк░рлНрк╕рк┐ркЯрлАркирк╛ рк╡рк┐рк╡рк╛ркжрк┐ркд ркХрлБрк▓рккркдрк┐ ркбрлЙ. ркЧрк┐рк░рлАрк╢ ркнрлАркорк╛ркгрлАркирлБркВ рккркж ркЬрлЛркЦркоркорк╛ркВ !
 ",negative
,
,
,
"рк╣рк╡рлЗ рк╕ркВркЪрк╛рк░ рк╕рк╛ркерлА ркирк╛ркоркирлА рк╕рлБрк╡рк┐ркзрк╛ркерлА ркорк│рлА ркЬрк╢рлЗ ркдркорк╛рк░рлЛ ркЦрлЛрк╡рк╛ркпрлЗрк▓рлЛ рклрлЛрки! 17ркорлА ркорлЗркерлА рк╕ркоркЧрлНрк░ ркжрлЗрк╢ркорк╛ркВ рк╢рк░рлБ ркерк╢рлЗ ркЦрк╛рк╕ рккрлЛрк░рлНркЯрк▓
тАж ",positive
"ркзрк░рлНркоркирк╛ ркирк╛ркорлЗ ркзркдрк┐ркВркЧ ркХрк░ркдрк╛ рк╡ркзрлБ ркПркХ ркнрлВрк╡рк╛ рк╕рк╛ркорлЗ рккрлЛрк▓рлАрк╕ рклрк░рк┐ркпрк╛ркж! ркорлЗрк▓рлА рк╡рк┐ркжрлНркпрк╛ ркЕркирлЗ ркорлВрка ркЙркдрк╛рк░рк╡рк╛ркирк╛ ркирк╛ркорлЗ рккркбрк╛рк╡рлНркпрк╛ 31 рк▓рк╛ркЦ
тАж ",negative
"ркжрк┐рк▓рлНрк╣рлА ркПрк░рккрлЛрк░рлНркЯ ркмркирлНркпрлБркВ рк╡рк┐рк╢рлНрк╡ркирлБркВ ркирк╡ркорлБркВ рк╕рлМркерлА рк╡рлНркпрк╕рлНркд ркПрк░рккрлЛрк░рлНркЯ  
",positive
"ркЖркЬркирк╛ ркжрк┐рк╡рк╕рлЗ ркнрк╛рк░ркдрлЗ ркирлНркпрлБркХрлНрк▓рк┐ркпрк░ ркмрлЛркорлНркмркирлЛ ркмрлАркЬрлЛ ркЯрлЗрк╕рлНркЯ рк╣рк╛рке ркзрк░рлА ркжрлБркирк┐ркпрк╛ркирлЗ ркЪрлЛркВркХрк╛рк╡рлА ркжрлАркзрлА рк╣ркдрлА.
тАж ",positive
,
,
"ркзрлЛрк░ркг 9ркерлА 12ркирк╛ рк╡рк┐ркжрлНркпрк╛рк░рлНркерлАркУ ркорк╛ркЯрлЗ ркЧрлБркЬрк░рк╛ркд рк╕рк░ркХрк╛рк░рлЗ ркХрк░рлА ркЬрлНркЮрк╛рки рк╕рк╛ркзркирк╛ рк╕рлНркХрлЛрк▓рк░рк╢рлАркк ркпрлЛркЬркирк╛ркирлА ркЬрк╛рк╣рлЗрк░рк╛ркд 
тАж ",positive
,
"ркирклрк░ркдркирлБркВ ркХрлЛркИ ркЕрк╕рлНркдрк┐ркдрлНрк╡ ркЬ ркиркерлА, ркП ркдрлЛ рккрлНрк░рлЗркоркирлА ркЧрлЗрк░рк╣рк╛ркЬрк░рлАркирлБркВ рккрк░рк┐ркгрк╛рко ркЫрлЗ.
тАж ",negative
"BJP ркЙркорлЗркжрк╡рк╛рк░ркирк╛ рккркдрк┐ркирлА рк╕рккрк╛ ркзрк╛рк░рк╛рк╕ркнрлНркпркП рккрлЛрк▓рлАрк╕ рк╕рлНркЯрлЗрк╢ркиркорк╛ркВ ркЬ ркХрк░рлА ркзрлБрк▓рк╛ркИ 
тАж ",negative
,
"ркЕркирлЛркЦрлБркВ ркжрк╛рки - рк╡ркбрлЛркжрк░рк╛ркирк╛ ркЬрлЛркбрк┐ркпрк╛ ркмрк╛рк│ркХрлЛркП ркХрлЗркирлНрк╕рк░ркирк╛ ркжрк░рлНркжрлАркУркирлА ркоркжркж ркорк╛ркЯрлЗ рк╡рк╛рк│ркирлБркВ ркжрк╛рки ркХрк░рлНркпрлБркВ

",positive
,
"Gujarat: ркЧрк╛ркВркзрлАркиркЧрк░ ркЧрлЗрк░ркХрк╛ркпркжрлЗрк╕рк░ рк╣ркерк┐ркпрк╛рк░рлЛркирлЛ ркЬркерлНркерлЛ ркЭркбрккрк╛ркпрлЛ

",negative
,
"ркирк╛ рк╣рлЛркп ! рккрк╛рк░рлНркЯрлА ркЖрккрлАркирлЗ ркЫркЯркгрлА ркХрк░рлА ркирк╛ркЦрлА
тАж",negative
"PM ModiркП рк▓рлАркзрлА рк░рк╛ркЬрк╕рлНркерк╛ркиркирлА ркорлБрк▓рк╛ркХрк╛ркдркГ 5500 ркХрк░рлЛркбркирк╛ рккрлНрк░рлЛркЬрлЗркХрлНркЯркирлБркВ ркХрк░рк╢рлЗ рк▓рлЛркХрк╛рк░рлНрккркг

",positive
,
"ркЧрк╛ркВркзрлАркиркЧрк░ркирк╛ ркХрк▓рлЛрк▓ рккрк╛рк╕рлЗ ркЦрк╛ркиркЧрлА ркмрк╕рлЗ ркЯркХрлНркХрк░ ркорк╛рк░ркдрк╛ ST ркмрк╕рлЗ 5 ркорлБрк╕рк╛рклрк░рлЛркирлЗ ркХркЪркбрлНркпрк╛

",negative
Asia Cup 2023ркорк╛ркВ рккрк╛ркХрк┐рк╕рлНркдрк╛ркиркирлЗ ркорлЛркЯрлЛ рклркЯркХрлЛ,negative
,
"ркЕркоркжрк╛рк╡рк╛ркж рк╢рк╣рлЗрк░ркирк╛ ркмрк╛рккрлБркиркЧрк░ркорк╛ркВ ркЖрк╡рлЗрк▓рк╛ рк╡рк┐ркХрк╛рк╕ ркПрк╕рлНркЯрлЗркЯркорк╛ркВ ркнрлАрк╖ркг ркЖркЧ рклрк╛ркЯрлА ркирлАркХрк│рлА 
тАж ",negative
"ркЕркоркжрк╛рк╡рк╛ркжркорк╛ркВ ркЖркЬрлЗ ркЕркирлЗ ркХрк╛рк▓рлЗ ркУрк░рлЗркирлНркЬ ркЕрк▓рк░рлНркЯ , ркЬрк╛ркгрлЛ рк╢рлБркВ рк╕рк╛рк╡ркЪрлЗркдрлА рк░рк╛ркЦрк╡рлА
 ",negative
,
"ркЙркдрлНркдрк░рккрлНрк░ркжрлЗрк╢ркирк╛ ркХрк╛ркирккрлБрк░ркорк╛ркВ ркПркХ ркпрлБрк╡ркдрлАркП рккрк╛рк░рлНркХрк┐ркВркЧркорк╛ркВ рккркбрлЗрк▓рк╛ рк╡рк╛рк╣ркирлЛ рккрк░ ркХрк╛рк░ ркЪркбрк╛ркИ ркжрлАркзрлА...ркЬрлБркУ рк╡рк┐ркбрк┐ркпрлЛ
тАж ",negative
,
"ркЖрк╕рк╛рк░рк╛ркоркирлБркВ ркЯрлНрк░рк╕рлНркЯ 'ркмркВркжрк╛' рклрк┐рк▓рлНркоркерлА ркирк╛рк░рк╛ркЬ
тАж ",negative
,
,
,
,
"ркЧрлВркЧрк▓ркирк╛ рк░рк┐рккрлЛрк░рлНркЯркорк╛ркВ ркЦрлБрк▓рк╛рк╕рлЛ ,ркнрк╛рк░ркдрлАркпрлЛ рк╕ркорк╛ркЪрк╛рк░ рк╡рк╛ркВркЪрк╡рк╛ ркЖ рккрлНрк▓рлЗркЯрклрлЛрк░рлНркоркирлЛ ркЙрккркпрлЛркЧ ркХрк░рлЗ ркЫрлЗ.
тАж ",negative
"ркЕркоркжрк╛рк╡рк╛ркжркорк╛ркВ 50 рк╣ркЬрк╛рк░ ркЪрлЛрк░рк╕ ркорлАркЯрк░ ркЬркЧрлНркпрк╛ркорк╛ркВ ркмркирк╢рлЗ ркХрлЗрк╡ркбрк┐ркпрк╛ ркЬрлЗрк╡рлБркВ 'ркЖрк░рлЛркЧрлНркп рк╡рки'
 ",positive
"ркИркорк░рк╛рки ркЦрк╛ркиркирлА ркзрк░рккркХркб ркмрк╛ркж: рккрк╛ркХрк┐рк╕рлНркдрк╛рки ркХрлНрк░рлЛркзркирлА ркЬрк╛рк│ркорк╛ркВ рк▓рккрлЗркЯрк╛ркпрлБркВ
тАж ",negative
,
"ркПркХрлНрк╕рккрлНрк░рлЗрк╕ рк╣рк╛ркЗрк╡рлЗркорк╛ркВ ркЬркирк╛рк░рлА ркЬркорлАркиркирк╛ рк╡рк│ркдрк░ ркорлБркжрлНркжрлЗ рк╕рлБрк░ркд-ркнрк░рлВркЪ ркЬрк┐рк▓рлНрк▓рк╛ ркмрлЛрк░рлНркбрк░ рккрк░ ркЦрлЗркбрлВркдрлЛркирлЛ ркЙркЧрлНрк░ рк╡рк┐рк░рлЛркз
 ",negative
"ркХрк▓рлЛрк▓ ркЧрк╛ркВркзрлАркиркЧрк░ рккрк╛рк╕рлЗ ркорк╛рк░рлНркЧ ркЕркХрк╕рлНркорк╛ркдркорк╛ркВ 5  рк▓рлЛркХрлЛркирк╛ ркорлГркдрлНркпрлБ ркирк╛ рк╕ркорк╛ркЪрк╛рк░ рк╕рк╛ркВркнрк│ркдрк╛ ркЦрлБркм ркЬ ркжрлБркГркЦ ркеркпрлБркВ.

ркнркЧрк╡рк╛рки ркжрк┐рк╡ркВркЧркд ркЖркдрлНркорк╛ркУркирлЗ рк╢рк╛ркВтАж ",negative
,
"рккрлАрк╡рк╛ркирлБркВ рккрк╛ркгрлА рки ркорк│ркдрк╛ркВ рк╕рлБрк░рлЗркирлНркжрлНрк░ркиркЧрк░-рк▓рлАркВркмркбрлА рк╣рк╛ркИрк╡рлЗ рккрк░ ркорк╣рк┐рк▓рк╛ркУркП ркХрк░рлНркпрлЛ ркЪркХрлНркХрк╛ркЬрк╛рко
 ",negative
"ркмрлБрк▓рлЗркЯ рк╡рлЗркЪрк╡рк╛ ркЬрлЗрк╡рлА ркиркЬрлАрк╡рлА ркмрк╛ркмркдрлЗ рк╕рлБрк░ркдркирк╛ рк▓рк┐ркВркмрк╛ркпркдркорк╛ркВ 19 рк╡рк░рлНрк╖ркирк╛ ркпрлБрк╡ркХркирлА рк╣ркдрлНркпрк╛
 ",negative
ркнркЪрк╛ркЙ ркорк╛ркВ ркЖрк╡рлЗрк▓ ркжрк╛ркд ркирк╛ркВрк╛ркЦрк╛ркирк╛ ркорк╛ркВ рк▓рк╛ркЧрлА ркЖркЧ..рк╛ркЙ рклрк╛ркпрк░ ркмрлНрк░рк┐ркЧрлЗркб ркЯрлАрко ркзркЯркирк╛ рк╕рлНркерк│рлЗ ркжрлЛркбрлА ркЖрк╡рлНркпрк╛..,negative
"рк╕рлБрк░ркдркорк╛ркВ рк╡рк┐ркзрк░рлНркорлА рк╢ркЦрлНрк╕рлЗ рк╣рк┐ркВркжрлБ ркпрлБрк╡ркдрлАркирлЗ ркЖрккрлА ркорк╛рк░рлА ркирк╛ркЦрк╡рк╛ркирлА ркзркоркХрлА, рккрлЛрк▓рлАрк╕рлЗ ркХрк░рлА ркзрк░рккркХркб 
 ",negative
"рккрлАрк╡рк╛ркирлБркВ рккрк╛ркгрлА рки ркорк│ркдрк╛ркВ рк╕рлБрк░рлЗркирлНркжрлНрк░ркиркЧрк░-рк▓рлАркВркмркбрлА рк╣рк╛ркИрк╡рлЗ рккрк░ ркорк╣рк┐рк▓рк╛ркУркП ркХрк░рлНркпрлЛ ркЪркХрлНркХрк╛ркЬрк╛рко
 ",negative
"ркирк╛ рк╣рлЛркп ! рккрк╛рк░рлНркЯрлА ркЖрккрлАркирлЗ ркЫркЯркгрлА ркХрк░рлА ркирк╛ркЦрлА
тАж ",negative
,
,
,
рк░рк╛ркЬркХрлЛркЯ ркоркзрлНркпрк╕рлНрке ркЬрлЗрк▓ркорк╛ркВ рк░рк╣рлЗрк▓рк╛ рккрк╛ркХрк╛ ркХрк╛рко ркирк╛ ркХрлЗркжрлАркирлЗ ркдрлЗркоркирк╛ ркнрк╛ркнрлАркП ркХрккркбрк╛ркирлА ркерлЗрк▓рлАркорк╛ркВ ркЖркбрлА ркЕрк╡рк│рлА рк╕рк┐рк▓рк╛ркп ркХрк░рлА ркХрккркбрк╛ркВ ркорлЛркХрк▓рлНркпрк╛ рк╣ркдрк╛..тАж,negative
"ркЖркгркВркжркирк╛ ркУркб ркЧрк╛ркорлЗ ркЖркЦрк▓рк╛ркирлА ркарлЛркХрк░рлЗ рк╡ркзрлБ ркПркХ ркпрлБрк╡ркХркирлБркВ ркорлЛркд
 ",negative
,
"ркирк░рлЛркбрк╛ ркЬрлАркЖркИркбрлАрк╕рлАркорк╛ркВ рккрлНрк▓рк╛рк╕рлНркЯрк┐ркХркирлА рклрлЗркХркЯрк░рлАркорк╛ркВ┬аркнрлАрк╖ркг┬аркЖркЧ
тАж ",negative
"рк╡рк▓рк╕рк╛ркбркорк╛ркВ ркЕрк░рлБркгрлЛркжркп рк╕рк╛рк░рлНрк╡ркЬркирлАркХ рк╡рк┐ркжрлНркпрк╛рк▓ркпркирлЛ ркИркирлНркЪрк╛рк░рлНркЬ ркЖркЪрк╛рк░рлНркп 50 рк╣ркЬрк╛рк░ркирлА рк▓рк╛ркВркЪ рк▓рлЗркдрк╛ ркЭркбрккрк╛ркпрлЛ
 ",negative
Delhi Liquor Policy Case: ркжрк┐рк▓рлНрк╣рлА рк╕рк░ркХрк╛рк░ркирлА рк▓рлАркХрк░ рккрлЛрк▓рк┐рк╕рлА рк╕рк╛ркерлЗ ркЬрлЛркбрк╛ркпрлЗрк▓рк╛ ркХрлМркнрк╛ркВркбркирлЗ ркХрк╛рк░ркгрлЗ ркЫрлЗрк▓рлНрк▓рк╛ ркШркгрк╛ рк╕ркоркпркерлА AAP ркирк╛ ркмрлЗ ркирлЗркдрк╛ркУтАж,negative
рк░рк╛ркЬркХрлЛркЯ: ркз ркХрлЗрк░рк▓рк╛ рк╕рлНркЯрлЛрк░рлА рклрк┐рк▓рлНрко ркирк┐рк╣рк╛рк│рлНркпрк╛ ркмрк╛ркж рк▓рлЛркХрлЛркП рк▓ркЧрк╛рк╡рлНркпрк╛  ркЬркп ркЬркп рк╢рлНрк░рлА рк░рк╛рко ркЕркирлЗ ркЫркдрлНрк░рккркдрк┐ рк╢рк┐рк╡рк╛ркЬрлА ркорк╣рк╛рк░рк╛ркЬ ркХрлА ркЬркпркирк╛ ркирк╛рк░рк╛,positive
"ркирк░рлЛркбрк╛ ркЬрлАркЖркИркбрлАрк╕рлАркорк╛ркВ рккрлНрк▓рк╛рк╕рлНркЯрк┐ркХркирлА рклрлЗркХркЯрк░рлАркорк╛ркВ ркнрлАрк╖ркг ркЖркЧ 

рклрк╛ркпрк░ркмрлНрк░рк┐ркЧрлЗркбркирлА ркЯрлАрко ркШркЯркирк╛ рк╕рлНркерк│рлЗ : ркЖркЧ рккрк░ ркХрк╛ркмрлВ ркорлЗрк│рк╡рлНркпрлЛ 
тАж ",negative
"рккркдрлНркирлАркирлА рк╣ркдрлНркпрк╛ ркХрк░рлА рккркдрк┐ркирлЛ ркЭрлЗрк░ рккрлА ркЖрккркШрк╛ркд


 ",negative
,
,
,
,
,
,
"ркЧрлБркЬрк░рк╛ркд рк╕рк░ркХрк╛рк░ркорк╛ркВ рккркг рк╣рк╡рлЗ Jio ркирлА ркПркирлНркЯрлНрк░рлА ркеркИ, Vodafone Idea ркЖркЙркЯ


тАж ",negative
"ркХрлБрк╕рлНркдрлАркмрк╛ркЬрлЛркирлА рк╣ркбркдрк╛рк│ркирк╛ рк╕рлНркерк│рлЗ ркмрлЗрк░рк┐ркХрлЗркбрлНрк╕ркирлБркВ ркХрк░рк╛ркпрлБркВ рк╡рлЗрк▓рлНркбрк┐ркВркЧ, ркЦрлЗркбрлВркдрлЛркП ркХрк░рлНркпрлЛ рк╣ркдрлЛ рк╣рлЛркмрк╛рк│рлЛ

 ",negative
,
"RRRркП рклрк░рлА ркПркХрк╡рк╛рк░ ркИркдрк┐рк╣рк╛рк╕ рк░ркЪрлНркпрлЛ, рклрк┐рк▓рлНркорлЗ ркЬрк╛рккрк╛ркиркорк╛ркВ ркзрлВрко ркоркЪрк╛рк╡рлА


тАж ",positive
,
,
"тАШThe Kerala StoryтАЩ рккрк░ ркмркВркЧрк╛рк│ркорк╛ркВ рккрлНрк░ркдрк┐ркмркВркз , CM ркоркоркдрк╛ркП ркХрк╣рлНркпрлБркВ- рклрк┐рк▓рлНркоркирлА рк╡рк╛рк░рлНркдрк╛ ркмркирк╛рк╡ркЯрлА

 ",negative
,
,
,
,
,
,
,
,
,
,
ркЕрк░рлВркгрлЛркжркп рк╕рк╛рк░рлНрк╡ркЬркирк┐ркХ рк╡рк┐ркжрлНркпрк╛рк▓ркпркирк╛ ркЖркЪрк╛рк░рлНркп ркжрк┐рк▓рлАрккркнрк╛ркИ рккркЯрлЗрк▓ркирлЗ ркПрк╕рлАркмрлАркП рк▓рк╛ркВркЪ рк▓рлЗркдрк╛ рк░ркВркЧрлЗ рк╣рк╛рке рккркХркбрлНркпрк╛,negative
,
"рк░рк╛ркЬрк╕рлНркерк╛ркиркорк╛ркВ рк╕рлЗркирк╛ркирлБ ркорк┐ркЧ-21 рк╡рк┐ркорк╛рки ркеркпрлБ ркХрлНрк░рлЗрк╢, ркжрлБрк░рлНркШркЯркирк╛ркорк╛ркВ 2 ркирк╛ркЧрк░рк┐ркХрлЛркирк╛ ркорлЛркд",negative
ркдрк╛рк▓рлБркХрк╛ ркнрк╛ркЬрккркирк╛ ркЙрккрккрлНрк░ркорлБркЦ рк╢рлИрк▓рлЗрк╖ рккркЯрлЗрк▓ркирлА ркЕркЬрк╛ркгрлНркпрк╛ рк╢ркЦрлНрк╕рлЛ ркжрлНрк╡рк╛рк░рк╛ рклрк╛ркпрк░рк┐ркВркЧ ркХрк░рлА рк╣ркдрлНркпрк╛,negative
"ркмркирк╛рк╕ркХрк╛ркВркарк╛ркирк╛ рккрк╛рк▓ркирккрлБрк░ркирк╛ ркХрлЛрк░рлНркЯ рк╕ркВркХрлБрк▓ркорк╛ркВ рк╡ркЧрк░ рк╣рлЗрк▓рлНркорлЗркЯрлЗ ркЖрк╡ркдрк╛ рк╡ркХрлАрк▓рлЛ ркжркВркбрк╛ркдрк╛ ркнрк╛рк░рлЗ рк░рлЛрк╖ 
 ",negative
,
рккркВркЪркорк╣рк╛рк▓ркорк╛ркВ рк╡рк╛рк╕рлНркорлЛркирлА ркирк▓ рк╕рлЗ ркЬрк▓ ркпрлЛркЬркирк╛ркорк╛ркВ ркнрлНрк░рк╖рлНркЯрк╛ркЪрк╛рк░ ркеркпрлЛ рк╣рлЛрк╡рк╛ркирк╛ ZEE 24 ркХрк▓рк╛ркХркирк╛ ркЕрк╣рлЗрк╡рк╛рк▓ркирлЗ рк╡рк┐ркзрк╛ркирк╕ркнрк╛ркирк╛ ркЙрккрк╛ркзрлНркпркХрлНрк╖ ркЬрлЗркарк╛ ркнрк░рк╡рк╛ркбтАж,negative
,
"ркЖркгркВркжркирк╛ ркУркб ркЧрк╛ркорлЗ ркЖркЦрк▓рк╛ркирлА ркарлЛркХрк░рлЗ рк╡ркзрлБ ркПркХ ркпрлБрк╡ркХркирлБркВ ркорлЛркд
 ",negative
,
"ркирк░рлЛркбрк╛ ркЬрлАркЖркИркбрлАрк╕рлАркорк╛ркВ рккрлНрк▓рк╛рк╕рлНркЯрк┐ркХркирлА рклрлЗркХркЯрк░рлАркорк╛ркВ┬аркнрлАрк╖ркг┬аркЖркЧ
тАж ",negative
"рк╡рк▓рк╕рк╛ркбркорк╛ркВ ркЕрк░рлБркгрлЛркжркп рк╕рк╛рк░рлНрк╡ркЬркирлАркХ рк╡рк┐ркжрлНркпрк╛рк▓ркпркирлЛ ркИркирлНркЪрк╛рк░рлНркЬ ркЖркЪрк╛рк░рлНркп 50 рк╣ркЬрк╛рк░ркирлА рк▓рк╛ркВркЪ рк▓рлЗркдрк╛ ркЭркбрккрк╛ркпрлЛ
 ",negative
,
,
,
,
,
"Shailesh Patel : ркЧрлБркЬрк░рк╛ркдркорк╛ркВ ркнрк╛ркЬрккркирк╛ рк╡рк▓рк╕рк╛ркб ркЙрккрккрлНрк░ркорлБркЦ рк╢рлИрк▓рлЗрк╖ рккркЯрлЗрк▓ркирлА ркЧрлЛрк│рлА ркорк╛рк░рлА рк╣ркдрлНркпрк╛ ркХрк░рлА ркжрлЗрк╡рк╛ркорк╛ркВ ркЖрк╡рлА ркЫрлЗ
тАж ",negative
,
"ркЖркЧрк╛ркорлА 5 ркжрк┐рк╡рк╕ ркЕркоркжрк╛рк╡рк╛ркжркирлБркВ ркдрк╛рккркорк╛рки 42 ркбрк┐ркЧрлНрк░рлА рк░рк╣рк╢рлЗ, ркЖ ркмрлЗ ркжрк┐рк╡рк╕ рк░рлЗркб ркПрк▓рк░рлНркЯ ркЬрк╛рк╣рлЗрк░ !
тАж ",negative
,
"Surat ркирк╛ рккрк╛ркВркбрлЗрк╕рк░рк╛ркорк╛ркВ рк╡рлАркЬ ркХрк░ркВркЯ рк▓рк╛ркЧрк╡рк╛ркерлА ркПркХ ркпрлБрк╡ркХркирлБркВ┬аркорлЛркд
тАж ",negative
,
,
,
"рккркВркЬрк╛ркмркирк╛ ркЕркорлГркдрк╕рк░ркорк╛ркВ ркЧрлЛрк▓рлНркбрки ркЯрлЗркорлНрккрк▓ рккрк╛рк╕рлЗ ркЖркЬрлЗ рк╕рк╡рк╛рк░рлЗ рк╡ркзрлБ ркПркХ рк╡рк┐рк╕рлНрклрлЛркЯ , ркПркХ рк╡рлНркпркХрлНркдрк┐ ркЗркЬрк╛ркЧрлНрк░рк╕рлНркд
",negative